Au départ de;à destination de;Durée;Destination;Temps;volenheures;longueurTexte;minutes;minExtrait;Alea
Londres;Denver, Etats-Unis;9h 40min;Denver;580;540;8;40min;40;186
Londres;La Rochelle;1h 30min;La Rochelle;90;60;8;30min;30;126
Londres;Dortmund, Allemagne;1h 20min;Dortmund;80;60;8;20min;20;140
Londres;Cologne, Allemagne;1h 18min;Cologne;78;60;8;18min;18;115
Londres;Barcelone, Espagne;2h 7min;Barcelone;127;120;7;7min;7;138
Londres;Düsseldorf, Allemagne;1h 22min;Düsseldorf;82;60;8;22min;22;54
Londres;Addis-Abeba, Ethiopie;8h 0min;Addis-Abeba;480;480;7;0min;0;62
Londres;Antalya, Turquie;4h 10min;Antalya;250;240;8;10min;10;202
Londres;Dacca, Bangladesh;9h 30min;Dacca;570;540;8;30min;30;241
Londres;Kerry Airport, Irlande;1h 30min;Kerry Airport;90;60;8;30min;30;221
Londres;Belgrade, Serbie;2h 42min;Belgrade;162;120;8;42min;42;36
Londres;Zagreb, Croatie;2h 15min;Zagreb;135;120;8;15min;15;208
Londres;Varna, Bulgarie;3h 20min;Varna;200;180;8;20min;20;179
Londres;Catane, Italie;3h 0min;Catane;180;180;7;0min;0;10
Londres;Carcassonne;1h 55min;Carcassonne;115;60;8;55min;55;95
Londres;Alesund, Norvège;2h 10min;Alesund;130;120;8;10min;10;154
Londres;Manchester, Royaume-Uni;1h 0min;Manchester;60;60;7;0min;0;183
Londres;Strasbourg;1h 25min;Strasbourg;85;60;8;25min;25;171
Londres;Karlsruhe, Allemagne;1h 25min;Karlsruhe;85;60;8;25min;25;62
Londres;Santander, Espagne;2h 0min;Santander;120;120;7;0min;0;132
Londres;Zante Island, Grèce;3h 30min;Zante Island;210;180;8;30min;30;72
Londres;Nuremberg, Allemagne;1h 45min;Nuremberg;105;60;8;45min;45;100
Londres;Seattle, Etats-Unis;9h 35min;Seattle;575;540;8;35min;35;230
Londres;La Havane, Cuba;10h 5min;La Havane;605;600;8;5min;5;9
Londres;Pau;2h 5min;Pau;125;120;7;5min;5;167
Londres;Charm el-Cheikh, Egypte;5h 18min;Charm el-Cheikh;318;300;8;18min;18;36
Londres;Madrid, Espagne;2h 30min;Madrid;150;120;8;30min;30;201
Londres;Zurich, Suisse;1h 40min;Zurich;100;60;8;40min;40;190
Londres;Knock, Irlande;1h 28min;Knock;88;60;8;28min;28;170
Londres;Mascate, Oman;7h 25min;Mascate;445;420;8;25min;25;32
Londres;Kingston, Jamaïque;9h 40min;Kingston;580;540;8;40min;40;4
Londres;Port d?Espagne, Trinité-et-Tobago;9h 15min;Port d?Espagne;555;540;8;15min;15;112
Londres;Toulon;2h 10min;Toulon;130;120;8;10min;10;158
Londres;Dinard;1h 10min;Dinard;70;60;8;10min;10;143
Londres;Bruxelles, Belgique;1h 10min;Bruxelles;70;60;8;10min;10;227
Londres;Edmonton, Canada;9h 0min;Edmonton;540;540;7;0min;0;51
Londres;Alghero, Italie;2h 30min;Alghero;150;120;8;30min;30;196
Londres;Tokyo, Japon;11h 51min;Tokyo;711;660;9;51min;51;44
Londres;Shannon, Irlande;1h 25min;Shannon;85;60;8;25min;25;9
Londres;Genève, Suisse;1h 38min;Genève;98;60;8;38min;38;193
Londres;Gibraltar;2h 53min;Gibraltar;173;120;8;53min;53;20
Londres;Canc£n, Mexique;10h 41min;Canc£n;641;600;9;41min;41;44
Londres;Brindisi, Italie;2h 55min;Brindisi;175;120;8;55min;55;156
Londres;Djeddah, Arabie saoudite;6h 10min;Djeddah;370;360;8;10min;10;198
Londres;Perpignan;2h 0min;Perpignan;120;120;7;0min;0;54
Londres;Wroclaw, Pologne;2h 7min;Wroclaw;127;120;7;7min;7;6
Londres;Vienne, Autriche;2h 15min;Vienne;135;120;8;15min;15;108
Londres;Faro, Portugal;2h 49min;Faro;169;120;8;49min;49;236
Londres;Antigua, Antigua-et-Barbuda;8h 22min;Antigua;502;480;8;22min;22;177
Londres;Faroe Islands, îles Féroé;2h 25min;Faroe Islands;145;120;8;25min;25;169
Londres;Kristiansand, Norvège;1h 35min;Kristiansand;95;60;8;35min;35;124
Londres;Valence, Espagne;2h 22min;Valence;142;120;8;22min;22;4
Londres;Amsterdam, Pays-Bas;1h 12min;Amsterdam;72;60;8;12min;12;25
Londres;Minorque, Espagne;2h 20min;Minorque;140;120;8;20min;20;109
Londres;Iasi, Roumanie;3h 17min;Iasi;197;180;8;17min;17;13
Londres;Izmir, Turquie;3h 45min;Izmir;225;180;8;45min;45;191
Londres;Doha, Qatar;6h 45min;Doha;405;360;8;45min;45;145
Londres;Atlanta, Etats-Unis;9h 31min;Atlanta;571;540;8;31min;31;214
Londres;Abou Dabi, Emirats arabes unis;7h 0min;Abou Dabi;420;420;7;0min;0;137
Londres;Bratislava, Slovaquie;2h 12min;Bratislava;132;120;8;12min;12;71
Londres;Leeds, Royaume-Uni;1h 0min;Leeds;60;60;7;0min;0;2
Londres;Salzbourg, Autriche;1h 52min;Salzbourg;112;60;8;52min;52;140
Londres;Bagdad, Irak;5h 30min;Bagdad;330;300;8;30min;30;182
Londres;Paphos, Chypre;4h 33min;Paphos;273;240;8;33min;33;159
Londres;Linz, Autriche;2h 0min;Linz;120;120;7;0min;0;38
Londres;Cracovie, Pologne;2h 22min;Cracovie;142;120;8;22min;22;165
Londres;Hurghada, Egypte;5h 20min;Hurghada;320;300;8;20min;20;210
Londres;Bridgetown, Barbade;8h 52min;Bridgetown;532;480;8;52min;52;234
Londres;Almer¡a, Espagne;2h 47min;Almer¡a;167;120;8;47min;47;209
Londres;Fès, Maroc;3h 20min;Fès;200;180;8;20min;20;218
Londres;Murcie, Espagne;2h 36min;Murcie;156;120;8;36min;36;182
Londres;Tripoli, Libye;3h 36min;Tripoli;216;180;8;36min;36;229
Londres;Tel-Aviv, Israël;4h 53min;Tel-Aviv;293;240;8;53min;53;18
Londres;Kos, Grèce;3h 55min;Kos;235;180;8;55min;55;93
Londres;Brive-la-Gaillarde;2h 10min;Brive-la-Gaillarde;130;120;8;10min;10;182
Londres;Podgorica, Monténégro;2h 40min;Podgorica;160;120;8;40min;40;71
Londres;île de Man;1h 18min;île de Man;78;60;8;18min;18;99
Londres;Santorin, Grèce;3h 50min;Santorin;230;180;8;50min;50;46
Londres;Larnaca, Chypre;4h 35min;Larnaca;275;240;8;35min;35;63
Londres;Bangkok, Thaïlande;11h 26min;Bangkok;686;660;9;26min;26;31
Londres;Istanbul, Turquie;3h 50min;Istanbul;230;180;8;50min;50;215
Londres;Glasgow, Royaume-Uni;1h 20min;Glasgow;80;60;8;20min;20;186
Londres;Malte;3h 10min;Malte;190;180;8;10min;10;35
Londres;Trieste, Italie;2h 5min;Trieste;125;120;7;5min;5;239
Londres;Deauville;1h 0min;Deauville;60;60;7;0min;0;51
Londres;Lyon;1h 36min;Lyon;96;60;8;36min;36;47
Londres;Debrecen, Hongrie;2h 40min;Debrecen;160;120;8;40min;40;185
Londres;Haugesund, Norvège;1h 45min;Haugesund;105;60;8;45min;45;196
Londres;Stockholm, Suède;2h 22min;Stockholm;142;120;8;22min;22;16
Londres;Vancouver, Canada;9h 47min;Vancouver;587;540;8;47min;47;77
Londres;Vilnius, Lituanie;2h 40min;Vilnius;160;120;8;40min;40;22
Londres;Sofia, Bulgarie;3h 5min;Sofia;185;180;7;5min;5;17
Londres;Nice;2h 2min;Nice;122;120;7;2min;2;217
Londres;Dublin, Irlande;1h 18min;Dublin;78;60;8;18min;18;204
Londres;Brême, Allemagne;1h 20min;Brême;80;60;8;20min;20;176
Londres;Lyon;1h 36min;Lyon;96;60;8;36min;36;10
Londres;Sao Paulo, Brésil;11h 30min;Sao Paulo;690;660;9;30min;30;124
Londres;Karachi, Pakistan;7h 45min;Karachi;465;420;8;45min;45;141
Londres;Saint John's, Canada;5h 40min;Saint John's;340;300;8;40min;40;244
Londres;Ponta Delgada, Portugal;3h 45min;Ponta Delgada;225;180;8;45min;45;89
Londres;Bangalore, Inde;9h 50min;Bangalore;590;540;8;50min;50;115
Londres;Kuala Lumpur, Malaisie;12h 35min;Kuala Lumpur;755;720;9;35min;35;181
Londres;Riga, Lettonie;2h 40min;Riga;160;120;8;40min;40;73
Londres;Poitiers;1h 25min;Poitiers;85;60;8;25min;25;133
Londres;Lagos, Nigeria;6h 43min;Lagos;403;360;8;43min;43;30
Londres;Raleigh, Etats-Unis;8h 55min;Raleigh;535;480;8;55min;55;11
Londres;Ottawa, Canada;7h 45min;Ottawa;465;420;8;45min;45;203
Londres;Dole;1h 40min;Dole;100;60;8;40min;40;128
Londres;Dubaï, Emirats arabes unis;6h 54min;Dubaï;414;360;8;54min;54;56
Londres;Saint-Pétersbourg, Russie;3h 20min;Saint-Pétersbourg;200;180;8;20min;20;22
Londres;Hyderabad, Inde;9h 55min;Hyderabad;595;540;8;55min;55;159
Londres;Séoul, Corée du Sud;10h 48min;Séoul;648;600;9;48min;48;26
Londres;Rhodes, Grèce;4h 2min;Rhodes;242;240;7;2min;2;208
Londres;Katowice, Pologne;2h 12min;Katowice;132;120;8;12min;12;193
Londres;Kaunas, Lituanie;2h 35min;Kaunas;155;120;8;35min;35;20
Londres;Maastricht, Pays-Bas;1h 15min;Maastricht;75;60;8;15min;15;15
Londres;Luxembourg;1h 17min;Luxembourg;77;60;8;17min;17;240
Londres;Oporto, Portugal;2h 21min;Oporto;141;120;8;21min;21;205
Londres;Pékin, Chine;9h 53min;Pékin;593;540;8;53min;53;210
Londres;Béziers;1h 55min;Béziers;115;60;8;55min;55;12
Londres;Séville, Espagne;2h 43min;Séville;163;120;8;43min;43;38
Londres;Luanda, Angola;8h 35min;Luanda;515;480;8;35min;35;231
Londres;Lusaka, Zambie;10h 5min;Lusaka;605;600;8;5min;5;28
Londres;Plovdiv, Bulgarie;3h 20min;Plovdiv;200;180;8;20min;20;10
Londres;Montpellier;1h 50min;Montpellier;110;60;8;50min;50;191
Londres;Washington, Etats-Unis;8h 23min;Washington;503;480;8;23min;23;204
Londres;Lourdes;1h 55min;Lourdes;115;60;8;55min;55;20
Londres;Edimbourg, Royaume-Uni;1h 21min;Edimbourg;81;60;8;21min;21;70
Londres;Marseille;1h 56min;Marseille;116;60;8;56min;56;100
Londres;Tampa, Etats-Unis;9h 20min;Tampa;560;540;8;20min;20;19
Londres;San Diego, Etats-Unis;11h 10min;San Diego;670;660;9;10min;10;159
Londres;Calgary, Canada;9h 31min;Calgary;571;540;8;31min;31;215
Londres;Las Vegas, Etats-Unis;10h 38min;Las Vegas;638;600;9;38min;38;200
Londres;Szczecin, Pologne;1h 50min;Szczecin;110;60;8;50min;50;231
Londres;Céphalonie, Grèce;3h 25min;Céphalonie;205;180;8;25min;25;103
Londres;Anvers, Belgique;1h 0min;Anvers;60;60;7;0min;0;230
Londres;Pérouse, Italie;2h 25min;Pérouse;145;120;8;25min;25;241
Londres;Newcastle upon Tyne, Royaume-Uni;1h 17min;Newcastle upon Tyne;77;60;8;17min;17;62
Londres;Nairobi, Kenya;8h 32min;Nairobi;512;480;8;32min;32;114
Londres;Chi?inau, Moldavie;3h 0min;Chi?inau;180;180;7;0min;0;52
Londres;La Corogne, Espagne;2h 10min;La Corogne;130;120;8;10min;10;84
Londres;Aberdeen, Royaume-Uni;1h 32min;Aberdeen;92;60;8;32min;32;28
Londres;Poznan, Pologne;2h 2min;Poznan;122;120;7;2min;2;78
Londres;Prishtina, Kosovo;3h 15min;Prishtina;195;180;8;15min;15;48
Londres;Cluj-Napoca, Roumanie;2h 50min;Cluj-Napoca;170;120;8;50min;50;221
Londres;Brno, République tchèque;2h 5min;Brno;125;120;7;5min;5;98
Londres;Tanger, Maroc;3h 2min;Tanger;182;180;7;2min;2;62
Londres;Stuttgart, Allemagne;1h 31min;Stuttgart;91;60;8;31min;31;216
Londres;Malmö, Suède;1h 50min;Malmö;110;60;8;50min;50;59
Londres;Zadar, Croatie;2h 20min;Zadar;140;120;8;20min;20;28
Londres;Venise, Italie;2h 4min;Venise;124;120;7;4min;4;227
Londres;Eindhoven, Pays-Bas;1h 5min;Eindhoven;65;60;7;5min;5;96
Londres;Funchal, Portugal;3h 46min;Funchal;226;180;8;46min;46;15
Londres;Skopje, Macédoine;3h 10min;Skopje;190;180;8;10min;10;11
Londres;Téhéran, Iran;6h 0min;Téhéran;360;360;7;0min;0;106
Londres;Bergen, Norvège;1h 58min;Bergen;118;60;8;58min;58;205
Londres;Almaty, Kazakhstan;7h 22min;Almaty;442;420;8;22min;22;214
Londres;Ljubljana, Slovénie;2h 5min;Ljubljana;125;120;7;5min;5;125
Londres;Bucarest, Roumanie;3h 14min;Bucarest;194;180;8;14min;14;31
Londres;Bourgas, Bulgarie;3h 25min;Bourgas;205;180;8;25min;25;70
Londres;Trondheim, Norvège;2h 30min;Trondheim;150;120;8;30min;30;144
Londres;Florence, Italie;2h 15min;Florence;135;120;8;15min;15;189
Londres;Entebbe, Ouganda;8h 30min;Entebbe;510;480;8;30min;30;41
Londres;Tirana, Albanie;2h 57min;Tirana;177;120;8;57min;57;100
Londres;Chania, Grèce;3h 52min;Chania;232;180;8;52min;52;175
Londres;Tampere, Finlande;2h 45min;Tampere;165;120;8;45min;45;143
Londres;Rome, Italie;2h 31min;Rome;151;120;8;31min;31;85
Londres;Dubrovnik, Croatie;2h 39min;Dubrovnik;159;120;8;39min;39;171
Londres;Târgu Mure, Roumanie;2h 50min;Târgu Mure;170;120;8;50min;50;205
Londres;Shanghai, Chine;11h 18min;Shanghai;678;660;9;18min;18;199
Londres;Koweït;6h 10min;Koweït;370;360;8;10min;10;223
Londres;Athènes, Grèce;3h 40min;Athènes;220;180;8;40min;40;44
Londres;Bologne, Italie;2h 5min;Bologne;125;120;7;5min;5;227
Londres;Ibiza, Espagne;2h 25min;Ibiza;145;120;8;25min;25;56
Londres;Ostrava, République tchèque;2h 10min;Ostrava;130;120;8;10min;10;91
Londres;Hambourg, Allemagne;1h 32min;Hambourg;92;60;8;32min;32;203
Londres;Moscou, Russie;3h 52min;Moscou;232;180;8;52min;52;154
Londres;Kalamata, Grèce;3h 40min;Kalamata;220;180;8;40min;40;153
Londres;Ancône, Italie;2h 20min;Ancône;140;120;8;20min;20;175
Londres;Bastia;2h 15min;Bastia;135;120;8;15min;15;212
Londres;Avignon;1h 55min;Avignon;115;60;8;55min;55;180
Londres;Lublin, Pologne;2h 35min;Lublin;155;120;8;35min;35;158
Londres;Lisbonne, Portugal;2h 41min;Lisbonne;161;120;8;41min;41;63
Londres;Timi?oara, Roumanie;2h 45min;Timi?oara;165;120;8;45min;45;195
Londres;Memmingen, Allemagne;1h 40min;Memmingen;100;60;8;40min;40;169
Londres;Innsbruck, Autriche;1h 55min;Innsbruck;115;60;8;55min;55;169
Londres;Prague, République tchèque;1h 53min;Prague;113;60;8;53min;53;155
Londres;New Delhi, Inde;8h 25min;New Delhi;505;480;8;25min;25;139
Londres;Billund, Danemark;1h 42min;Billund;102;60;8;42min;42;49
Londres;Kerkira, Grèce;3h 5min;Kerkira;185;180;7;5min;5;186
Londres;Islamabad, Pakistan;7h 40min;Islamabad;460;420;8;40min;40;208
Londres;Francfort, Allemagne;1h 36min;Francfort;96;60;8;36min;36;193
Londres;Tromsö, Norvège;3h 35min;Tromsö;215;180;8;35min;35;130
Londres;Saragosse, Espagne;2h 10min;Saragosse;130;120;8;10min;10;5
Londres;Dresde, Allemagne;2h 0min;Dresde;120;120;7;0min;0;49
Londres;Paderborn, Allemagne;1h 45min;Paderborn;105;60;8;45min;45;61
Londres;Dalaman, Turquie;4h 2min;Dalaman;242;240;7;2min;2;147
Londres;Cork, Irlande;1h 23min;Cork;83;60;8;23min;23;134
Londres;San Francisco, Etats-Unis;11h 3min;San Francisco;663;660;8;3min;3;232
Londres;St. Lucia, Sainte-Lucie;8h 40min;St. Lucia;520;480;8;40min;40;108
Londres;Tours;1h 20min;Tours;80;60;8;20min;20;88
Londres;Biarritz;1h 47min;Biarritz;107;60;8;47min;47;211
Londres;Hanovre, Allemagne;1h 25min;Hanovre;85;60;8;25min;25;152
Londres;Ajaccio;2h 15min;Ajaccio;135;120;8;15min;15;70
Londres;Lidz, Pologne;2h 10min;Lidz;130;120;8;10min;10;22
Londres;Copenhague, Danemark;1h 50min;Copenhague;110;60;8;50min;50;243
Londres;Minsk, Biélorussie;2h 55min;Minsk;175;120;8;55min;55;29
Londres;Agadir, Maroc;3h 50min;Agadir;230;180;8;50min;50;176
Londres;Tivat, Monténégro;2h 40min;Tivat;160;120;8;40min;40;151
Londres;Accra, Ghana;7h 2min;Accra;422;420;7;2min;2;203
Londres;Limoges;1h 35min;Limoges;95;60;8;35min;35;143
Londres;M laga, Espagne;2h 52min;M laga;172;120;8;52min;52;87
Londres;Santiago de Compostela, Espagne;2h 5min;Santiago de Compostela;125;120;7;5min;5;117
Londres;Jersey;1h 7min;Jersey;67;60;7;7min;7;205
Londres;Gênes, Italie;2h 0min;Gênes;120;120;7;0min;0;38
Londres;Bakou, Azerbaïdjan;5h 27min;Bakou;327;300;8;27min;27;41
Londres;Münster, Allemagne;1h 40min;Münster;100;60;8;40min;40;130
Londres;Freetown, Sierra Leone;6h 52min;Freetown;412;360;8;52min;52;192
Londres;Riyad, Arabie saoudite;6h 37min;Riyad;397;360;8;37min;37;179
Londres;Palerme, Italie;2h 55min;Palerme;175;120;8;55min;55;178
Londres;Bydgoszcz, Pologne;2h 5min;Bydgoszcz;125;120;7;5min;5;134
Londres;Maurice;11h 55min;Maurice;715;660;9;55min;55;143
Londres;Pise, Italie;2h 10min;Pise;130;120;8;10min;10;127
Londres;Brest;1h 40min;Brest;100;60;8;40min;40;20
Londres;Munich, Allemagne;1h 51min;Munich;111;60;8;51min;51;147
Londres;Asturies, Espagne;2h 0min;Asturies;120;120;7;0min;0;175
Londres;Malé, Maldives;10h 10min;Malé;610;600;9;10min;10;80
Londres;Milan, Italie;1h 57min;Milan;117;60;8;57min;57;50
Londres;Rijeka, Croatie;2h 12min;Rijeka;132;120;8;12min;12;64
Londres;Hamilton, Bermudes;7h 45min;Hamilton;465;420;8;45min;45;68
Londres;Newquay, Royaume-Uni;1h 10min;Newquay;70;60;8;10min;10;157
Londres;Rio de Janeiro, Brésil;11h 45min;Rio de Janeiro;705;660;9;45min;45;152
Londres;Bordeaux;1h 35min;Bordeaux;95;60;8;35min;35;34
Londres;Singapour;12h 50min;Singapour;770;720;9;50min;50;64
Londres;Halifax, Canada;6h 40min;Halifax;400;360;8;40min;40;221
Londres;Guangzhou, Chine;12h 0min;Guangzhou;720;720;8;0min;0;56
Londres;Derry, Royaume-Uni;1h 25min;Derry;85;60;8;25min;25;62
Londres;Thessalonique, Grèce;3h 15min;Thessalonique;195;180;8;15min;15;6
Londres;Belfast, Royaume-Uni;1h 22min;Belfast;82;60;8;22min;22;231
Londres;Tallinn, Estonie;2h 50min;Tallinn;170;120;8;50min;50;213
Londres;Palma de Mallorca, Espagne;2h 21min;Palma de Mallorca;141;120;8;21min;21;208
Londres;Dundee, Royaume-Uni;1h 35min;Dundee;95;60;8;35min;35;129
Londres;Helsinki, Finlande;2h 55min;Helsinki;175;120;8;55min;55;56
Londres;Bilbao, Espagne;2h 0min;Bilbao;120;120;7;0min;0;80
Londres;Beyrouth, Liban;4h 37min;Beyrouth;277;240;8;37min;37;90
Londres;Rzesziw, Pologne;2h 35min;Rzesziw;155;120;8;35min;35;93
Londres;Hanoï, Vietnam;11h 25min;Hanoï;685;660;9;25min;25;121
Londres;Minneapolis, Etats-Unis;9h 15min;Minneapolis;555;540;8;15min;15;219
Londres;Gdansk, Pologne;2h 7min;Gdansk;127;120;7;7min;7;41
Londres;Marrakech, Maroc;3h 41min;Marrakech;221;180;8;41min;41;55
Londres;Grenade, Espagne;2h 40min;Grenade;160;120;8;40min;40;153
Londres;Inverness, Royaume-Uni;1h 38min;Inverness;98;60;8;38min;38;174
Londres;Sylhet, Bangladesh;9h 30min;Sylhet;570;540;8;30min;30;197
Londres;Le Caire, Egypte;4h 47min;Le Caire;287;240;8;47min;47;35
Londres;Rotterdam, Pays-Bas;1h 5min;Rotterdam;65;60;7;5min;5;193
Londres;Oslo, Norvège;2h 6min;Oslo;126;120;7;6min;6;99
Londres;Göteborg, Suède;1h 58min;Göteborg;118;60;8;58min;58;210
Londres;Mexico, Mexique;11h 57min;Mexico;717;660;9;57min;57;29
Londres;Alicante, Espagne;2h 30min;Alicante;150;120;8;30min;30;148
Londres;Rodez;1h 50min;Rodez;110;60;8;50min;50;30
Londres;Olbia, Italie;2h 25min;Olbia;145;120;8;25min;25;96
Londres;Pescara, Italie;2h 30min;Pescara;150;120;8;30min;30;61
Londres;Nmes, France;1h 50min;Nmes;110;60;8;50min;50;181
Londres;Hong Kong;11h 53min;Hong Kong;713;660;9;53min;53;129
Londres;Bodrum, Turquie;3h 55min;Bodrum;235;180;8;55min;55;124
Londres;Leipzig, Allemagne;1h 40min;Leipzig;100;60;8;40min;40;158
Londres;Nantes;1h 32min;Nantes;92;60;8;32min;32;184
Londres;Miami, Etats-Unis;9h 38min;Miami;578;540;8;38min;38;186
Londres;Berne, Suisse;1h 40min;Berne;100;60;8;40min;40;163
Londres;Guernsey, Guernesey;1h 3min;Guernsey;63;60;7;3min;3;170
Londres;Las Palmas, Espagne;4h 27min;Las Palmas;267;240;8;27min;27;155
Londres;Puerto, Espagne;4h 17min;Puerto;257;240;8;17min;17;127
Londres;Le Cap, Afrique du Sud;11h 45min;Le Cap;705;660;9;45min;45;55
Londres;Vérone, Italie;2h 0min;Vérone;120;120;7;0min;0;210
Londres;Bari, Italie;2h 45min;Bari;165;120;8;45min;45;207
Londres;Casablanca, Maroc;3h 25min;Casablanca;205;180;8;25min;25;144
Londres;Hassi Messaoud, Algérie;3h 25min;Hassi Messaoud;205;180;8;25min;25;59
Londres;Buenos Aires, Argentine;13h 40min;Buenos Aires;820;780;9;40min;40;83
Londres;Budapest, Hongrie;2h 26min;Budapest;146;120;8;26min;26;118
Londres;Tenerife South Airport, Espagne;4h 27min;Tenerife South Airport;267;240;8;27min;27;99
Londres;Cagliari, Italie;2h 45min;Cagliari;165;120;8;45min;45;137
Londres;Hô Chi Minh-Ville, Vietnam;12h 10min;Hô Chi Minh-Ville;730;720;9;10min;10;26
Londres;Klagenfurt, Autriche;2h 5min;Klagenfurt;125;120;7;5min;5;29
Londres;Alborg, Danemark;1h 45min;Alborg;105;60;8;45min;45;89
Londres;Jerez, Espagne;2h 50min;Jerez;170;120;8;50min;50;61
Londres;Lahore, Pakistan;7h 40min;Lahore;460;420;8;40min;40;222
Londres;Turin, Italie;1h 52min;Turin;112;60;8;52min;52;188
Londres;Lamezia Terme, Italie;3h 0min;Lamezia Terme;180;180;7;0min;0;26
Londres;Colombo, Sri Lanka;10h 45min;Colombo;645;600;9;45min;45;7
Londres;Abuja, Nigeria;6h 20min;Abuja;380;360;8;20min;20;91
Londres;Mikonos, Grèce;3h 55min;Mikonos;235;180;8;55min;55;56
Londres;Alger, Algérie;2h 42min;Alger;162;120;8;42min;42;102
Londres;Détroit, Etats-Unis;8h 35min;Détroit;515;480;8;35min;35;151
Londres;Bacau, Roumanie;3h 10min;Bacau;190;180;8;10min;10;237
Londres;Reykjav¡k, Islande;3h 2min;Reykjav¡k;182;180;7;2min;2;231
Londres;Varsovie, Pologne;2h 22min;Varsovie;142;120;8;22min;22;31
Londres;Bahreïn;6h 30min;Bahreïn;390;360;8;30min;30;150
Londres;Chicago, Etats-Unis;8h 41min;Chicago;521;480;8;41min;41;171
Londres;Johannesburg, Afrique du Sud;11h 5min;Johannesburg;665;660;8;5min;5;217
Londres;Tachkent, Ouzbékistan;6h 50min;Tachkent;410;360;8;50min;50;69
Londres;Toulouse;1h 45min;Toulouse;105;60;8;45min;45;97
Londres;Lanzarote, Espagne;4h 11min;Lanzarote;251;240;8;11min;11;127
Londres;Split, Croatie;2h 26min;Split;146;120;8;26min;26;196
Londres;Toronto, Canada;7h 53min;Toronto;473;420;8;53min;53;151
Londres;Tunis, Tunisie;2h 55min;Tunis;175;120;8;55min;55;93
Londres;Orlando, Etats-Unis;9h 20min;Orlando;560;540;8;20min;20;158
Londres;Quimper;1h 10min;Quimper;70;60;8;10min;10;50
Londres;Charlotte, Etats-Unis;9h 5min;Charlotte;545;540;7;5min;5;152
Londres;Bombay, Inde;9h 10min;Bombay;550;540;8;10min;10;241
Londres;Trapani, Italie;3h 0min;Trapani;180;180;7;0min;0;168
Londres;Boston, Etats-Unis;7h 30min;Boston;450;420;8;30min;30;7
Londres;Amman, Jordanie;4h 48min;Amman;288;240;8;48min;48;133
Londres;Reus, Espagne;2h 10min;Reus;130;120;8;10min;10;193
Londres;Pula, Croatie;2h 10min;Pula;130;120;8;10min;10;35
Londres;Bergerac;1h 45min;Bergerac;105;60;8;45min;45;222
Londres;Bâle, Suisse;1h 35min;Bâle;95;60;8;35min;35;10
Londres;Achgabat, Turkménistan;6h 25min;Achgabat;385;360;8;25min;25;13
Londres;Héraklion, Grèce;4h 0min;Héraklion;240;240;7;0min;0;166
Londres;Gérone, Espagne;2h 5min;Gérone;125;120;7;5min;5;35
Londres;Montego Bay, Jamaïque;9h 45min;Montego Bay;585;540;8;45min;45;19
Londres;Naples, Italie;2h 36min;Naples;156;120;8;36min;36;12
Londres;Nassau, Bahamas;10h 15min;Nassau;615;600;9;15min;15;91
Londres;Chennai, Inde;10h 0min;Chennai;600;600;8;0min;0;121
Londres;Souleimaniye, Irak;5h 0min;Souleimaniye;300;300;7;0min;0;163
Londres;Stavanger, Norvège;1h 45min;Stavanger;105;60;8;45min;45;83
Londres;Los Angeles, Etats-Unis;11h 22min;Los Angeles;682;660;9;22min;22;107
Londres;Arhus, Danemark;1h 45min;Arhus;105;60;8;45min;45;194
Montréal;Nice;7h 30min;Nice;450;420;8;30min;30;233
Montréal;Sept-îles, Canada;1h 53min;Sept-îles;113;60;8;53min;53;33
Montréal;Orlando, Etats-Unis;3h 25min;Orlando;205;180;8;25min;25;167
Montréal;Wabush, Canada;2h 20min;Wabush;140;120;8;20min;20;58
Montréal;Camaguey, Cuba;4h 25min;Camaguey;265;240;8;25min;25;130
Montréal;Washington, Etats-Unis;1h 53min;Washington;113;60;8;53min;53;50
Montréal;Atlanta, Etats-Unis;2h 53min;Atlanta;173;120;8;53min;53;9
Montréal;Madrid, Espagne;6h 45min;Madrid;405;360;8;45min;45;36
Montréal;Bordeaux;6h 50min;Bordeaux;410;360;8;50min;50;142
Montréal;Nantes;6h 30min;Nantes;390;360;8;30min;30;167
Montréal;San Francisco, Etats-Unis;6h 12min;San Francisco;372;360;8;12min;12;86
Montréal;Frédéricton, Canada;1h 23min;Frédéricton;83;60;8;23min;23;50
Montréal;Punta Cana, République dominicaine;4h 27min;Punta Cana;267;240;8;27min;27;163
Montréal;Détroit, Etats-Unis;2h 4min;Détroit;124;120;7;4min;4;9
Montréal;Minneapolis, Etats-Unis;2h 52min;Minneapolis;172;120;8;52min;52;56
Montréal;Fort de France, Martinique;5h 0min;Fort de France;300;300;7;0min;0;52
Montréal;Montego Bay, Jamaïque;4h 31min;Montego Bay;271;240;8;31min;31;202
Montréal;Rome, Italie;7h 57min;Rome;477;420;8;57min;57;91
Montréal;Doha, Qatar;12h 0min;Doha;720;720;8;0min;0;30
Montréal;Charlottetown, Canada;1h 42min;Charlottetown;102;60;8;42min;42;211
Montréal;Bâle, Suisse;7h 15min;Bâle;435;420;8;15min;15;103
Montréal;Winnipeg, Canada;2h 54min;Winnipeg;174;120;8;54min;54;195
Montréal;Barcelone, Espagne;7h 10min;Barcelone;430;420;8;10min;10;2
Montréal;Saint-Pierre, Saint-Pierre-et-Miquelon;2h 50min;Saint-Pierre;170;120;8;50min;50;121
Montréal;Saint-John, Canada;1h 36min;Saint-John;96;60;8;36min;36;207
Montréal;Genève, Suisse;7h 20min;Genève;440;420;8;20min;20;92
Montréal;Hartford, Etats-Unis;1h 21min;Hartford;81;60;8;21min;21;241
Montréal;Toulouse;7h 0min;Toulouse;420;420;7;0min;0;126
Montréal;Miami, Etats-Unis;3h 42min;Miami;222;180;8;42min;42;174
Montréal;Istanbul, Turquie;9h 0min;Istanbul;540;540;7;0min;0;104
Montréal;Vancouver, Canada;5h 30min;Vancouver;330;300;8;30min;30;76
Montréal;Fort Lauderdale, Etats-Unis;3h 37min;Fort Lauderdale;217;180;8;37min;37;162
Montréal;Moncton, Canada;1h 27min;Moncton;87;60;8;27min;27;137
Montréal;Ottawa, Canada;0h 40min;Ottawa;40;0;8;40min;40;242
Montréal;M laga, Espagne;7h 5min;M laga;425;420;7;5min;5;220
Montréal;La Grande, QC;1h 30min;La Grande;90;60;8;30min;30;22
Montréal;Mexico, Mexique;5h 55min;Mexico;355;300;8;55min;55;47
Montréal;Mont-Joli, Canada;1h 28min;Mont-Joli;88;60;8;28min;28;228
Montréal;Rouyn-Noranda, Canada;1h 27min;Rouyn-Noranda;87;60;8;27min;27;57
Montréal;Toronto, Canada;1h 15min;Toronto;75;60;8;15min;15;189
Montréal;Bathurst, Canada;1h 37min;Bathurst;97;60;8;37min;37;151
Montréal;Québec, Canada;0h 48min;Québec;48;0;8;48min;48;143
Montréal;Lyon;7h 10min;Lyon;430;420;8;10min;10;238
Montréal;Cleveland, Etats-Unis;1h 48min;Cleveland;108;60;8;48min;48;69
Montréal;Kuujjuaq, Canada;2h 20min;Kuujjuaq;140;120;8;20min;20;151
Montréal;Val-d'Or, Canada;1h 21min;Val-d'Or;81;60;8;21min;21;49
Montréal;Zurich, Suisse;7h 25min;Zurich;445;420;8;25min;25;121
Montréal;Lyon;7h 10min;Lyon;430;420;8;10min;10;109
Montréal;Amman, Jordanie;10h 40min;Amman;640;600;9;40min;40;139
Montréal;Bagotville, Canada;1h 8min;Bagotville;68;60;7;8min;8;150
Montréal;Edmonton, Canada;4h 28min;Edmonton;268;240;8;28min;28;75
Montréal;Puerto Plata, République dominicaine;4h 17min;Puerto Plata;257;240;8;17min;17;241
Montréal;Holgu¡n, Cuba;4h 15min;Holgu¡n;255;240;8;15min;15;101
Montréal;Las Vegas, Etats-Unis;5h 35min;Las Vegas;335;300;8;35min;35;77
Montréal;Bruxelles, Belgique;6h 57min;Bruxelles;417;360;8;57min;57;118
Montréal;Saint John's, Canada;2h 26min;Saint John's;146;120;8;26min;26;63
Montréal;Chibougamau, Canada;1h 25min;Chibougamau;85;60;8;25min;25;168
Montréal;Dublin, Irlande;5h 55min;Dublin;355;300;8;55min;55;115
Montréal;Port-au-Prince, Haïti;4h 25min;Port-au-Prince;265;240;8;25min;25;189
Montréal;Cayo Largo, Cuba;4h 5min;Cayo Largo;245;240;7;5min;5;98
Montréal;Calgary, Canada;4h 36min;Calgary;276;240;8;36min;36;218
Montréal;Francfort, Allemagne;7h 25min;Francfort;445;420;8;25min;25;20
Montréal;Denver, Etats-Unis;4h 29min;Denver;269;240;8;29min;29;16
Montréal;Casablanca, Maroc;7h 0min;Casablanca;420;420;7;0min;0;110
Montréal;Pointe--Pitre, Guadeloupe;4h 45min;Pointe--Pitre;285;240;8;45min;45;17
Montréal;Charlotte, Etats-Unis;2h 41min;Charlotte;161;120;8;41min;41;235
Montréal;Venise, Italie;7h 35min;Venise;455;420;8;35min;35;132
Montréal;Los Angeles, Etats-Unis;6h 6min;Los Angeles;366;360;7;6min;6;63
Montréal;Baie-Comeau, Canada;1h 33min;Baie-Comeau;93;60;8;33min;33;219
Montréal;Ponta Delgada, Portugal;5h 0min;Ponta Delgada;300;300;7;0min;0;189
Montréal;Canc£n, Mexique;4h 45min;Canc£n;285;240;8;45min;45;8
Montréal;Chicago, Etats-Unis;2h 26min;Chicago;146;120;8;26min;26;125
Montréal;Cayo Coco, Cuba;4h 1min;Cayo Coco;241;240;7;1min;1;87
Montréal;Varadero, Cuba;3h 53min;Varadero;233;180;8;53min;53;1
Montréal;Marseille;7h 20min;Marseille;440;420;8;20min;20;194
Montréal;Alger, Algérie;7h 50min;Alger;470;420;8;50min;50;238
Montréal;Lisbonne, Portugal;6h 25min;Lisbonne;385;360;8;25min;25;49
Montréal;Boston, Etats-Unis;1h 15min;Boston;75;60;8;15min;15;70
Montréal;Halifax, Canada;1h 32min;Halifax;92;60;8;32min;32;102
Montréal;Munich, Allemagne;7h 35min;Munich;455;420;8;35min;35;188
Montréal;Kuujjuarapik, Canada;2h 55min;Kuujjuarapik;175;120;8;55min;55;220
Montréal;Athènes, Grèce;9h 5min;Athènes;545;540;7;5min;5;177
Montréal;Santa Clara, Cuba;3h 53min;Santa Clara;233;180;8;53min;53;185
Montréal;Amsterdam, Pays-Bas;6h 50min;Amsterdam;410;360;8;50min;50;77
New York;New Delhi, Inde;14h 7min;New Delhi;847;840;8;7min;7;9
New York;Kansas City, Etats-Unis;3h 23min;Kansas City;203;180;8;23min;23;58
New York;Norfolk, Etats-Unis;1h 34min;Norfolk;94;60;8;34min;34;140
New York;Nassau, Bahamas;3h 1min;Nassau;181;180;7;1min;1;177
New York;Grand Rapids, Etats-Unis;2h 9min;Grand Rapids;129;120;7;9min;9;172
New York;Charleston, Etats-Unis;2h 11min;Charleston;131;120;8;11min;11;84
New York;Vienne, Autriche;8h 45min;Vienne;525;480;8;45min;45;31
New York;Barcelone, Espagne;7h 51min;Barcelone;471;420;8;51min;51;146
New York;Manchester, Royaume-Uni;7h 12min;Manchester;432;420;8;12min;12;103
New York;Département de Guayaquil, Equateur;6h 40min;Département de Guayaquil;400;360;8;40min;40;46
New York;Lexington, Etats-Unis;2h 19min;Lexington;139;120;8;19min;19;11
New York;Grand Cayman, Iles Cayman;3h 56min;Grand Cayman;236;180;8;56min;56;120
New York;Boston, Etats-Unis;1h 14min;Boston;74;60;8;14min;14;37
New York;Munich, Allemagne;8h 8min;Munich;488;480;7;8min;8;142
New York;Saint-Louis, Etats-Unis;2h 49min;Saint-Louis;169;120;8;49min;49;183
New York;Toronto, Canada;1h 37min;Toronto;97;60;8;37min;37;11
New York;Fort Lauderdale, Etats-Unis;3h 6min;Fort Lauderdale;186;180;7;6min;6;86
New York;Port d?Espagne, Trinité-et-Tobago;4h 58min;Port d?Espagne;298;240;8;58min;58;190
New York;Santiago de los Caballeros, République dominicaine;3h 43min;Santiago de los Caballeros;223;180;8;43min;43;135
New York;Wilmington, Etats-Unis;1h 56min;Wilmington;116;60;8;56min;56;173
New York;Chicago, Etats-Unis;2h 34min;Chicago;154;120;8;34min;34;190
New York;Osaka, Japon;14h 20min;Osaka;860;840;9;20min;20;84
New York;Greensboro, Etats-Unis;1h 47min;Greensboro;107;60;8;47min;47;166
New York;San Diego, Etats-Unis;6h 0min;San Diego;360;360;7;0min;0;239
New York;Guatemala;5h 6min;Guatemala;306;300;7;6min;6;154
New York;Medell¡n, Colombie;5h 40min;Medell¡n;340;300;8;40min;40;24
New York;Genève, Suisse;7h 45min;Genève;465;420;8;45min;45;182
New York;Bangor, Etats-Unis;1h 36min;Bangor;96;60;8;36min;36;130
New York;Antigua, Antigua-et-Barbuda;4h 21min;Antigua;261;240;8;21min;21;200
New York;Helsinki, Finlande;8h 10min;Helsinki;490;480;8;10min;10;122
New York;Tobago, Trinité-et-Tobago;4h 55min;Tobago;295;240;8;55min;55;206
New York;Riyad, Arabie saoudite;11h 55min;Riyad;715;660;9;55min;55;209
New York;Des Moines, Etats-Unis;3h 9min;Des Moines;189;180;7;9min;9;180
New York;Roanoke, Etats-Unis;1h 45min;Roanoke;105;60;8;45min;45;101
New York;Sacramento, Etats-Unis;6h 12min;Sacramento;372;360;8;12min;12;142
New York;Québec, Canada;1h 36min;Québec;96;60;8;36min;36;108
New York;Raleigh, Etats-Unis;1h 44min;Raleigh;104;60;8;44min;44;185
New York;Marseille;7h 35min;Marseille;455;420;8;35min;35;172
New York;Cleveland, Etats-Unis;1h 49min;Cleveland;109;60;8;49min;49;9
New York;Saint Domingue, République dominicaine;3h 53min;Saint Domingue;233;180;8;53min;53;44
New York;Hartford, Etats-Unis;0h 57min;Hartford;57;0;8;57min;57;217
New York;Bruxelles, Belgique;7h 30min;Bruxelles;450;420;8;30min;30;20
New York;Fort Myers, Etats-Unis;3h 16min;Fort Myers;196;180;8;16min;16;164
New York;Charlottesville, Etats-Unis;1h 40min;Charlottesville;100;60;8;40min;40;9
New York;Omaha, Etats-Unis;3h 16min;Omaha;196;180;8;16min;16;162
New York;Honolulu, Etats-Unis;10h 47min;Honolulu;647;600;9;47min;47;102
New York;Dayton, Etats-Unis;2h 8min;Dayton;128;120;7;8min;8;20
New York;Portland, Etats-Unis;1h 21min;Portland;81;60;8;21min;21;4
New York;Rochester, Etats-Unis;1h 30min;Rochester;90;60;8;30min;30;48
New York;Glasgow, Royaume-Uni;6h 50min;Glasgow;410;360;8;50min;50;154
New York;Burlington, Etats-Unis;1h 19min;Burlington;79;60;8;19min;19;176
New York;Miami, Etats-Unis;3h 13min;Miami;193;180;8;13min;13;238
New York;Venise, Italie;8h 28min;Venise;508;480;8;28min;28;238
New York;Naples, Italie;9h 0min;Naples;540;540;7;0min;0;98
New York;Columbus, Etats-Unis;1h 54min;Columbus;114;60;8;54min;54;232
New York;Port-au-Prince, Haïti;4h 2min;Port-au-Prince;242;240;7;2min;2;148
New York;Sao Paulo, Brésil;9h 47min;Sao Paulo;587;540;8;47min;47;121
New York;Tulsa, Etats-Unis;3h 22min;Tulsa;202;180;8;22min;22;170
New York;Georgetown, Guyana;6h 15min;Georgetown;375;360;8;15min;15;33
New York;Djeddah, Arabie saoudite;11h 35min;Djeddah;695;660;9;35min;35;77
New York;Saint John's, Canada;3h 5min;Saint John's;185;180;7;5min;5;48
New York;Montego Bay, Jamaïque;3h 53min;Montego Bay;233;180;8;53min;53;239
New York;Atlanta, Etats-Unis;2h 27min;Atlanta;147;120;8;27min;27;41
New York;San Antonio, Etats-Unis;4h 13min;San Antonio;253;240;8;13min;13;228
New York;La Nouvelle-Orléans, Etats-Unis;3h 27min;La Nouvelle-Orléans;207;180;8;27min;27;96
New York;Albuquerque, Etats-Unis;4h 47min;Albuquerque;287;240;8;47min;47;182
New York;Harrisburg, Etats-Unis;1h 10min;Harrisburg;70;60;8;10min;10;91
New York;Tampa, Etats-Unis;2h 58min;Tampa;178;120;8;58min;58;37
New York;Knoxville, Etats-Unis;2h 18min;Knoxville;138;120;8;18min;18;110
New York;Hambourg, Allemagne;7h 50min;Hambourg;470;420;8;50min;50;100
New York;Dublin, Irlande;6h 41min;Dublin;401;360;8;41min;41;80
New York;Providenciales, îles Turks et Caïques;3h 42min;Providenciales;222;180;8;42min;42;82
New York;Hamilton, Bermudes;2h 15min;Hamilton;135;120;8;15min;15;119
New York;San José, Costa Rica;5h 18min;San José;318;300;8;18min;18;243
New York;Dubaï, Emirats arabes unis;12h 30min;Dubaï;750;720;9;30min;30;91
New York;Greenville, Etats-Unis;2h 8min;Greenville;128;120;7;8min;8;37
New York;Minneapolis, Etats-Unis;3h 1min;Minneapolis;181;180;7;1min;1;101
New York;Dakar, Sénégal;8h 8min;Dakar;488;480;7;8min;8;110
New York;South Bend, Etats-Unis;2h 13min;South Bend;133;120;8;13min;13;40
New York;Oslo, Norvège;7h 26min;Oslo;446;420;8;26min;26;148
New York;Indianapolis, Etats-Unis;2h 22min;Indianapolis;142;120;8;22min;22;20
New York;Belfast, Royaume-Uni;6h 30min;Belfast;390;360;8;30min;30;216
New York;Santiago, Chili;10h 10min;Santiago;610;600;9;10min;10;141
New York;Caracas, Venezuela;5h 10min;Caracas;310;300;8;10min;10;13
New York;Saint-Martin, Sint Maarten;4h 4min;Saint-Martin;244;240;7;4min;4;69
New York;Jacksonville, Etats-Unis;2h 40min;Jacksonville;160;120;8;40min;40;129
New York;Prague, République tchèque;8h 29min;Prague;509;480;8;29min;29;161
New York;Moscou, Russie;9h 20min;Moscou;560;540;8;20min;20;190
New York;Fayetteville, Etats-Unis;3h 17min;Fayetteville;197;180;8;17min;17;55
New York;Hong Kong;15h 55min;Hong Kong;955;900;9;55min;55;193
New York;Madison, Etats-Unis;2h 30min;Madison;150;120;8;30min;30;22
New York;Richmond, Etats-Unis;1h 35min;Richmond;95;60;8;35min;35;103
New York;Calgary, Canada;5h 13min;Calgary;313;300;8;13min;13;188
New York;Milwaukee, Etats-Unis;2h 25min;Milwaukee;145;120;8;25min;25;63
New York;Pékin, Chine;13h 42min;Pékin;822;780;9;42min;42;86
New York;West Palm Beach, Etats-Unis;2h 56min;West Palm Beach;176;120;8;56min;56;40
New York;Edmonton, Canada;5h 9min;Edmonton;309;300;7;9min;9;1
New York;Lagos, Nigeria;10h 40min;Lagos;640;600;9;40min;40;176
New York;Amsterdam, Pays-Bas;7h 33min;Amsterdam;453;420;8;33min;33;76
New York;Carthagène, Colombie;5h 3min;Carthagène;303;300;7;3min;3;110
New York;Nashville, Etats-Unis;2h 32min;Nashville;152;120;8;32min;32;32
New York;Asheville, Etats-Unis;1h 51min;Asheville;111;60;8;51min;51;155
New York;Düsseldorf, Allemagne;7h 37min;Düsseldorf;457;420;8;37min;37;192
New York;Madrid, Espagne;7h 30min;Madrid;450;420;8;30min;30;150
New York;Orlando, Etats-Unis;2h 52min;Orlando;172;120;8;52min;52;154
New York;Mexico, Mexique;5h 18min;Mexico;318;300;8;18min;18;39
New York;St. Lucia, Sainte-Lucie;4h 45min;St. Lucia;285;240;8;45min;45;186
New York;Birmingham, Royaume-Uni;7h 5min;Birmingham;425;420;7;5min;5;10
New York;Taipei, Taïwan;16h 10min;Taipei;970;960;9;10min;10;148
New York;Akron, Etats-Unis;1h 33min;Akron;93;60;8;33min;33;226
New York;Tel-Aviv, Israël;10h 25min;Tel-Aviv;625;600;9;25min;25;158
New York;Oporto, Portugal;7h 0min;Oporto;420;420;7;0min;0;167
New York;Aruba;4h 42min;Aruba;282;240;8;42min;42;197
New York;Wilkes-Barre, Etats-Unis;1h 4min;Wilkes-Barre;64;60;7;4min;4;55
New York;Riga, Lettonie;8h 45min;Riga;525;480;8;45min;45;180
New York;Ponce, Porto Rico;3h 46min;Ponce;226;180;8;46min;46;22
New York;Le Caire, Egypte;10h 30min;Le Caire;630;600;9;30min;30;184
New York;Seattle, Etats-Unis;6h 14min;Seattle;374;360;8;14min;14;96
New York;Grenade;4h 30min;Grenade;270;240;8;30min;30;211
New York;Bogot , Colombie;5h 57min;Bogot ;357;300;8;57min;57;238
New York;San Juan, Porto Rico;3h 57min;San Juan;237;180;8;57min;57;45
New York;San José, Etats-Unis;6h 35min;San José;395;360;8;35min;35;233
New York;Nice;8h 7min;Nice;487;480;7;7min;7;96
New York;Koweït;12h 0min;Koweït;720;720;8;0min;0;233
New York;Nantucket, Etats-Unis;1h 12min;Nantucket;72;60;8;12min;12;52
New York;Oakland, Etats-Unis;6h 35min;Oakland;395;360;8;35min;35;182
New York;Johannesburg, Afrique du Sud;15h 0min;Johannesburg;900;900;8;0min;0;28
New York;Détroit, Etats-Unis;2h 3min;Détroit;123;120;7;3min;3;52
New York;Lima, Pérou;8h 2min;Lima;482;480;7;2min;2;114
New York;Liberia Canton, Costa Rica;5h 26min;Liberia Canton;326;300;8;26min;26;103
New York;Casablanca, Maroc;7h 25min;Casablanca;445;420;8;25min;25;162
New York;Bridgetown, Barbade;4h 49min;Bridgetown;289;240;8;49min;49;145
New York;Charlotte, Etats-Unis;2h 5min;Charlotte;125;120;7;5min;5;14
New York;Rio de Janeiro, Brésil;10h 2min;Rio de Janeiro;602;600;8;2min;2;109
New York;Bombay, Inde;14h 47min;Bombay;887;840;9;47min;47;51
New York;Las Vegas, Etats-Unis;5h 38min;Las Vegas;338;300;8;38min;38;167
New York;Athènes, Grèce;10h 1min;Athènes;601;600;8;1min;1;147
New York;San Pedro Sula, Honduras;4h 44min;San Pedro Sula;284;240;8;44min;44;237
New York;Aguadilla, Porto Rico;3h 49min;Aguadilla;229;180;8;49min;49;177
New York;Copenhague, Danemark;7h 40min;Copenhague;460;420;8;40min;40;51
New York;Myrtle Beach, Etats-Unis;2h 1min;Myrtle Beach;121;120;7;1min;1;218
New York;Département de San Salvador, El Salvador;5h 7min;Département de San Salvador;307;300;7;7min;7;90
New York;Cincinnati, Etats-Unis;2h 11min;Cincinnati;131;120;8;11min;11;218
New York;Martha's Vineyard Airport, Etats-Unis;1h 6min;Martha's Vineyard Airport;66;60;7;6min;6;171
New York;Providence, Etats-Unis;1h 5min;Providence;65;60;7;5min;5;144
New York;Columbia, Etats-Unis;2h 10min;Columbia;130;120;8;10min;10;154
New York;Panam , Panama;5h 22min;Panam ;322;300;8;22min;22;193
New York;Sarasota, Etats-Unis;3h 9min;Sarasota;189;180;7;9min;9;84
New York;Buffalo, Etats-Unis;1h 30min;Buffalo;90;60;8;30min;30;6
New York;Zurich, Suisse;7h 48min;Zurich;468;420;8;48min;48;159
New York;Shanghai, Chine;14h 52min;Shanghai;892;840;9;52min;52;77
New York;Punta Cana, République dominicaine;3h 55min;Punta Cana;235;180;8;55min;55;50
New York;Shannon, Irlande;6h 32min;Shannon;392;360;8;32min;32;148
New York;Abou Dabi, Emirats arabes unis;12h 45min;Abou Dabi;765;720;9;45min;45;173
New York;Saint-Christophe, Saint-Kitts-et-Nevis;4h 20min;Saint-Christophe;260;240;8;20min;20;38
New York;Palerme, Italie;9h 5min;Palerme;545;540;7;5min;5;199
New York;Moncton, Canada;1h 59min;Moncton;119;60;8;59min;59;111
New York;Long Beach, Etats-Unis;6h 15min;Long Beach;375;360;8;15min;15;66
New York;Stuttgart, Allemagne;7h 50min;Stuttgart;470;420;8;50min;50;6
New York;Vancouver, Canada;6h 1min;Vancouver;361;360;7;1min;1;224
New York;Milan, Italie;8h 4min;Milan;484;480;7;4min;4;168
New York;Louisville, Etats-Unis;2h 30min;Louisville;150;120;8;30min;30;168
New York;Canc£n, Mexique;4h 13min;Canc£n;253;240;8;13min;13;124
New York;Stockholm, Suède;7h 58min;Stockholm;478;420;8;58min;58;181
New York;Istanbul, Turquie;9h 57min;Istanbul;597;540;8;57min;57;32
New York;Varsovie, Pologne;8h 20min;Varsovie;500;480;8;20min;20;175
New York;Reykjav¡k, Islande;5h 37min;Reykjav¡k;337;300;8;37min;37;104
New York;Burbank, Etats-Unis;6h 16min;Burbank;376;360;8;16min;16;179
New York;Halifax, Canada;2h 3min;Halifax;123;120;7;3min;3;167
New York;Edimbourg, Royaume-Uni;6h 55min;Edimbourg;415;360;8;55min;55;36
New York;Singapour;18h 30min;Singapour;1110;1080;9;30min;30;229
New York;Aéroport John-Wayne, Etats-Unis;6h 1min;Aéroport John-Wayne;361;360;7;1min;1;140
New York;Accra, Ghana;10h 43min;Accra;643;600;9;43min;43;126
New York;Ithaca, Etats-Unis;1h 14min;Ithaca;74;60;8;14min;14;203
New York;Savannah, Etats-Unis;2h 22min;Savannah;142;120;8;22min;22;67
New York;Puerto Plata, République dominicaine;3h 43min;Puerto Plata;223;180;8;43min;43;26
New York;Washington, Etats-Unis;1h 21min;Washington;81;60;8;21min;21;112
New York;San Francisco, Etats-Unis;6h 24min;San Francisco;384;360;8;24min;24;15
New York;Ottawa, Canada;1h 24min;Ottawa;84;60;8;24min;24;109
New York;Pittsburgh, Etats-Unis;1h 40min;Pittsburgh;100;60;8;40min;40;117
New York;Denver, Etats-Unis;4h 23min;Denver;263;240;8;23min;23;174
New York;Lahore, Pakistan;13h 45min;Lahore;825;780;9;45min;45;186
New York;Kingston, Jamaïque;3h 53min;Kingston;233;180;8;53min;53;167
New York;Birmingham, Etats-Unis;2h 51min;Birmingham;171;120;8;51min;51;77
New York;Francfort, Allemagne;7h 54min;Francfort;474;420;8;54min;54;114
New York;Memphis, Etats-Unis;2h 54min;Memphis;174;120;8;54min;54;205
New York;Séoul, Corée du Sud;14h 27min;Séoul;867;840;9;27min;27;32
New York;Charlotte Amalie, îles Vierges des Etats-Unis;3h 59min;Charlotte Amalie;239;180;8;59min;59;224
New York;Syracuse, Etats-Unis;1h 20min;Syracuse;80;60;8;20min;20;26
New York;Austin, Etats-Unis;4h 7min;Austin;247;240;7;7min;7;38
New York;Lisbonne, Portugal;6h 57min;Lisbonne;417;360;8;57min;57;204
New York;Buenos Aires, Argentine;10h 50min;Buenos Aires;650;600;9;50min;50;194
New York;Albany, Etats-Unis;1h 8min;Albany;68;60;7;8min;8;205
New York;Amman, Jordanie;11h 15min;Amman;675;660;9;15min;15;84
New York;Rome, Italie;8h 31min;Rome;511;480;8;31min;31;131
New York;Los Angeles, Etats-Unis;6h 7min;Los Angeles;367;360;7;7min;7;236
New York;Oklahoma City, Etats-Unis;3h 41min;Oklahoma City;221;180;8;41min;41;14
New York;Salt Lake City, Etats-Unis;5h 13min;Salt Lake City;313;300;8;13min;13;234
New York;Manchester, Etats-Unis;1h 13min;Manchester;73;60;8;13min;13;171
New York;Santa Barbar  de Saman , République dominicaine;3h 43min;Santa Barbar  de Saman ;223;180;8;43min;43;180
New York;La Romana, République dominicaine;3h 48min;La Romana;228;180;8;48min;48;26
New York;Tokyo, Japon;14h 12min;Tokyo;852;840;9;12min;12;155
New York;Doha, Qatar;12h 20min;Doha;740;720;9;20min;20;76
Paris;Florence, Italie;1h 47min;Florence;107;60;8;47min;47;151
Paris;Figari;1h 45min;Figari;105;60;8;45min;45;113
Paris;Copenhague, Danemark;1h 51min;Copenhague;111;60;8;51min;51;142
Paris;Cologne, Allemagne;1h 20min;Cologne;80;60;8;20min;20;177
Paris;Amsterdam, Pays-Bas;1h 15min;Amsterdam;75;60;8;15min;15;225
Paris;Cotonou, Bénin;6h 15min;Cotonou;375;360;8;15min;15;156
Paris;Oslo, Norvège;2h 18min;Oslo;138;120;8;18min;18;41
Paris;Lisbonne, Portugal;2h 27min;Lisbonne;147;120;8;27min;27;97
Paris;Lannion;1h 20min;Lannion;80;60;8;20min;20;85
Paris;Caen;0h 50min;Caen;50;0;8;50min;50;226
Paris;Reykjav¡k, Islande;3h 30min;Reykjav¡k;210;180;8;30min;30;19
Paris;Batna, Algérie;2h 15min;Batna;135;120;8;15min;15;162
Paris;Abou Dabi, Emirats arabes unis;6h 55min;Abou Dabi;415;360;8;55min;55;96
Paris;Larnaca, Chypre;4h 5min;Larnaca;245;240;7;5min;5;223
Paris;Hô Chi Minh-Ville, Vietnam;11h 47min;Hô Chi Minh-Ville;707;660;9;47min;47;193
Paris;Barcelone, Espagne;1h 38min;Barcelone;98;60;8;38min;38;76
Paris;Saint-Martin, Sint Maarten;8h 45min;Saint-Martin;525;480;8;45min;45;5
Paris;Lourdes;1h 20min;Lourdes;80;60;8;20min;20;230
Paris;Vancouver, Canada;10h 15min;Vancouver;615;600;9;15min;15;36
Paris;Beyrouth, Liban;4h 15min;Beyrouth;255;240;8;15min;15;198
Paris;Southampton, Royaume-Uni;1h 25min;Southampton;85;60;8;25min;25;190
Paris;Thessalonique, Grèce;3h 0min;Thessalonique;180;180;7;0min;0;119
Paris;Lahore, Pakistan;7h 30min;Lahore;450;420;8;30min;30;84
Paris;Tananarive, Madagascar;10h 43min;Tananarive;643;600;9;43min;43;182
Paris;Asturies, Espagne;1h 40min;Asturies;100;60;8;40min;40;133
Paris;Kinshasa, République démocratique du Congo;7h 50min;Kinshasa;470;420;8;50min;50;73
Paris;Mascate, Oman;7h 15min;Mascate;435;420;8;15min;15;108
Paris;Prague, République tchèque;1h 38min;Prague;98;60;8;38min;38;69
Paris;Moscou, Russie;3h 47min;Moscou;227;180;8;47min;47;99
Paris;Chania, Grèce;3h 25min;Chania;205;180;8;25min;25;19
Paris;Nairobi, Kenya;8h 30min;Nairobi;510;480;8;30min;30;144
Paris;Essaouira, Maroc;3h 22min;Essaouira;202;180;8;22min;22;5
Paris;Casablanca, Maroc;3h 0min;Casablanca;180;180;7;0min;0;132
Paris;Santiago de Cuba, Cuba;10h 25min;Santiago de Cuba;625;600;9;25min;25;42
Paris;Faro, Portugal;2h 32min;Faro;152;120;8;32min;32;182
Paris;Djeddah, Arabie saoudite;5h 55min;Djeddah;355;300;8;55min;55;112
Paris;Lomé, Togo;6h 20min;Lomé;380;360;8;20min;20;197
Paris;Hong Kong;11h 40min;Hong Kong;700;660;9;40min;40;223
Paris;Bâle, Suisse;1h 23min;Bâle;83;60;8;23min;23;208
Paris;Tokyo, Japon;11h 48min;Tokyo;708;660;9;48min;48;38
Paris;Ostrava, République tchèque;1h 50min;Ostrava;110;60;8;50min;50;205
Paris;Le Puy;1h 5min;Le Puy;65;60;7;5min;5;227
Paris;Antalya, Turquie;3h 45min;Antalya;225;180;8;45min;45;200
Paris;Pau;1h 22min;Pau;82;60;8;22min;22;56
Paris;Riga, Lettonie;2h 40min;Riga;160;120;8;40min;40;205
Paris;Marseille;1h 20min;Marseille;80;60;8;20min;20;148
Paris;Santorin, Grèce;3h 20min;Santorin;200;180;8;20min;20;132
Paris;Valence, Espagne;1h 52min;Valence;112;60;8;52min;52;209
Paris;Bristol, Royaume-Uni;1h 22min;Bristol;82;60;8;22min;22;134
Paris;Toulon;1h 20min;Toulon;80;60;8;20min;20;167
Paris;Montpellier;1h 17min;Montpellier;77;60;8;17min;17;163
Paris;Glasgow, Royaume-Uni;1h 50min;Glasgow;110;60;8;50min;50;79
Paris;Monrovia, Liberia;6h 30min;Monrovia;390;360;8;30min;30;42
Paris;Palerme, Italie;2h 22min;Palerme;142;120;8;22min;22;2
Paris;Nantes;1h 10min;Nantes;70;60;8;10min;10;17
Paris;Limoges;1h 10min;Limoges;70;60;8;10min;10;175
Paris;Vienne, Autriche;1h 56min;Vienne;116;60;8;56min;56;74
Paris;Amman, Jordanie;4h 35min;Amman;275;240;8;35min;35;124
Paris;Tel-Aviv, Israël;4h 26min;Tel-Aviv;266;240;8;26min;26;243
Paris;Le Caire, Egypte;4h 22min;Le Caire;262;240;8;22min;22;172
Paris;Newcastle upon Tyne, Royaume-Uni;1h 45min;Newcastle upon Tyne;105;60;8;45min;45;142
Paris;Naples, Italie;2h 15min;Naples;135;120;8;15min;15;143
Paris;Bakou, Azerbaïdjan;5h 10min;Bakou;310;300;8;10min;10;177
Paris;Colombo, Sri Lanka;10h 20min;Colombo;620;600;9;20min;20;29
Paris;Brazzaville, Congo;8h 50min;Brazzaville;530;480;8;50min;50;184
Paris;Santiago, Chili;14h 25min;Santiago;865;840;9;25min;25;115
Paris;Strasbourg;1h 15min;Strasbourg;75;60;8;15min;15;140
Paris;Rome, Italie;2h 3min;Rome;123;120;7;3min;3;137
Paris;Aurillac;1h 20min;Aurillac;80;60;8;20min;20;93
Paris;Bangalore, Inde;9h 20min;Bangalore;560;540;8;20min;20;104
Paris;Split, Croatie;2h 2min;Split;122;120;7;2min;2;174
Paris;Malte;2h 43min;Malte;163;120;8;43min;43;53
Paris;Taipei, Taïwan;13h 10min;Taipei;790;780;9;10min;10;87
Paris;Québec, Canada;7h 30min;Québec;450;420;8;30min;30;130
Paris;Séoul, Corée du Sud;10h 43min;Séoul;643;600;9;43min;43;109
Paris;Chicago, Etats-Unis;9h 22min;Chicago;562;540;8;22min;22;47
Paris;Sao Paulo, Brésil;11h 50min;Sao Paulo;710;660;9;50min;50;33
Paris;Buenos Aires, Argentine;13h 45min;Buenos Aires;825;780;9;45min;45;240
Paris;Genève, Suisse;1h 7min;Genève;67;60;7;7min;7;12
Paris;Ljubljana, Slovénie;1h 47min;Ljubljana;107;60;8;47min;47;166
Paris;Lima, Pérou;12h 45min;Lima;765;720;9;45min;45;163
Paris;Belfast, Royaume-Uni;1h 45min;Belfast;105;60;8;45min;45;175
Paris;La Rochelle;1h 15min;La Rochelle;75;60;8;15min;15;1
Paris;Zurich, Suisse;1h 15min;Zurich;75;60;8;15min;15;205
Paris;Tanger, Maroc;2h 42min;Tanger;162;120;8;42min;42;176
Paris;Luxembourg;0h 55min;Luxembourg;55;0;8;55min;55;17
Paris;Constantine, Algérie;2h 15min;Constantine;135;120;8;15min;15;135
Paris;Bologne, Italie;1h 40min;Bologne;100;60;8;40min;40;5
Paris;Mikonos, Grèce;3h 15min;Mikonos;195;180;8;15min;15;141
Paris;Marrakech, Maroc;3h 16min;Marrakech;196;180;8;16min;16;134
Paris;Abuja, Nigeria;5h 55min;Abuja;355;300;8;55min;55;177
Paris;Seattle, Etats-Unis;11h 15min;Seattle;675;660;9;15min;15;38
Paris;Ouagadougou, Burkina Faso;5h 35min;Ouagadougou;335;300;8;35min;35;32
Paris;Aberdeen, Royaume-Uni;1h 55min;Aberdeen;115;60;8;55min;55;110
Paris;Liverpool, Royaume-Uni;1h 30min;Liverpool;90;60;8;30min;30;67
Paris;Bombay, Inde;9h 5min;Bombay;545;540;7;5min;5;215
Paris;Bari, Italie;2h 25min;Bari;145;120;8;25min;25;224
Paris;Alger, Algérie;2h 14min;Alger;134;120;8;14min;14;207
Paris;Séville, Espagne;2h 17min;Séville;137;120;8;17min;17;107
Paris;Minsk, Biélorussie;2h 45min;Minsk;165;120;8;45min;45;73
Paris;Salt Lake City, Etats-Unis;11h 10min;Salt Lake City;670;660;9;10min;10;67
Paris;Atlanta, Etats-Unis;9h 42min;Atlanta;582;540;8;42min;42;37
Paris;Monastir, Tunisie;2h 32min;Monastir;152;120;8;32min;32;125
Paris;Pointe-Noire, Congo;7h 45min;Pointe-Noire;465;420;8;45min;45;153
Paris;Libreville, Gabon;6h 55min;Libreville;415;360;8;55min;55;166
Paris;Annaba, Algérie;2h 12min;Annaba;132;120;8;12min;12;233
Paris;Biarritz;1h 22min;Biarritz;82;60;8;22min;22;200
Paris;Canc£n, Mexique;11h 5min;Canc£n;665;660;8;5min;5;199
Paris;Rodez;1h 25min;Rodez;85;60;8;25min;25;229
Paris;Nice;1h 25min;Nice;85;60;8;25min;25;212
Paris;Göteborg, Suède;2h 0min;Göteborg;120;120;7;0min;0;121
Paris;Cambridge, Royaume-Uni;1h 5min;Cambridge;65;60;7;5min;5;148
Paris;Cayenne, Guyane française;9h 7min;Cayenne;547;540;7;7min;7;142
Paris;Belgrade, Serbie;2h 20min;Belgrade;140;120;8;20min;20;121
Paris;N'Djamena, Tchad;5h 35min;N'Djamena;335;300;8;35min;35;108
Paris;Pittsburgh, Etats-Unis;9h 10min;Pittsburgh;550;540;8;10min;10;73
Paris;Santiago de Compostela, Espagne;2h 0min;Santiago de Compostela;120;120;7;0min;0;138
Paris;Sfax, Tunisie;3h 1min;Sfax;181;180;7;1min;1;243
Paris;Exeter, Royaume-Uni;1h 30min;Exeter;90;60;8;30min;30;78
Paris;Istanbul, Turquie;3h 21min;Istanbul;201;180;8;21min;21;34
Paris;Doha, Qatar;6h 20min;Doha;380;360;8;20min;20;132
Paris;Maurice;11h 11min;Maurice;671;660;9;11min;11;11
Paris;Jersey;1h 20min;Jersey;80;60;8;20min;20;72
Paris;Brest;1h 12min;Brest;72;60;8;12min;12;163
Paris;Wuhan, Chine;10h 30min;Wuhan;630;600;9;30min;30;120
Paris;Athènes, Grèce;3h 13min;Athènes;193;180;8;13min;13;139
Paris;Kristiansand, Norvège;2h 0min;Kristiansand;120;120;7;0min;0;133
Paris;Nuremberg, Allemagne;1h 25min;Nuremberg;85;60;8;25min;25;100
Paris;Turin, Italie;1h 25min;Turin;85;60;8;25min;25;101
Paris;Johannesburg, Afrique du Sud;10h 40min;Johannesburg;640;600;9;40min;40;240
Paris;Bamako, Mali;5h 40min;Bamako;340;300;8;40min;40;173
Paris;Agadir, Maroc;3h 30min;Agadir;210;180;8;30min;30;168
Paris;Sao Vicente, Cap-Vert;6h 10min;Sao Vicente;370;360;8;10min;10;32
Paris;Saint-Pétersbourg, Russie;3h 12min;Saint-Pétersbourg;192;180;8;12min;12;53
Paris;Douala, Cameroun;6h 25min;Douala;385;360;8;25min;25;76
Paris;Rio de Janeiro, Brésil;11h 40min;Rio de Janeiro;700;660;9;40min;40;198
Paris;Pékin, Chine;9h 57min;Pékin;597;540;8;57min;57;42
Paris;Singapour;12h 47min;Singapour;767;720;9;47min;47;31
Paris;Ouarzazate, Maroc;3h 15min;Ouarzazate;195;180;8;15min;15;153
Paris;Brive-la-Gaillarde;1h 20min;Brive-la-Gaillarde;80;60;8;20min;20;26
Paris;Castres;1h 35min;Castres;95;60;8;35min;35;243
Paris;Oujda, Maroc;2h 36min;Oujda;156;120;8;36min;36;29
Paris;Leipzig, Allemagne;1h 45min;Leipzig;105;60;8;45min;45;173
Paris;Mulhouse;1h 20min;Mulhouse;80;60;8;20min;20;140
Paris;Stavanger, Norvège;1h 45min;Stavanger;105;60;8;45min;45;150
Paris;Cracovie, Pologne;2h 10min;Cracovie;130;120;8;10min;10;37
Paris;Cork, Irlande;1h 30min;Cork;90;60;8;30min;30;213
Paris;Mexico, Mexique;12h 20min;Mexico;740;720;9;20min;20;43
Paris;Dublin, Irlande;1h 47min;Dublin;107;60;8;47min;47;35
Paris;Cincinnati, Etats-Unis;9h 30min;Cincinnati;570;540;8;30min;30;46
Paris;Vigo, Espagne;2h 0min;Vigo;120;120;7;0min;0;77
Paris;Ponta Delgada, Portugal;4h 5min;Ponta Delgada;245;240;7;5min;5;167
Paris;Alicante, Espagne;1h 55min;Alicante;115;60;8;55min;55;56
Paris;Fès, Maroc;2h 52min;Fès;172;120;8;52min;52;149
Paris;Rennes;1h 10min;Rennes;70;60;8;10min;10;85
Paris;San Francisco, Etats-Unis;11h 35min;San Francisco;695;660;9;35min;35;176
Paris;Billund, Danemark;1h 45min;Billund;105;60;8;45min;45;43
Paris;Détroit, Etats-Unis;8h 52min;Détroit;532;480;8;52min;52;218
Paris;Milan, Italie;1h 26min;Milan;86;60;8;26min;26;32
Paris;Périgueux;1h 20min;Périgueux;80;60;8;20min;20;144
Paris;Podgorica, Monténégro;2h 25min;Podgorica;145;120;8;25min;25;214
Paris;Hanovre, Allemagne;1h 30min;Hanovre;90;60;8;30min;30;204
Paris;Tivat, Monténégro;2h 25min;Tivat;145;120;8;25min;25;67
Paris;Dakar, Sénégal;5h 37min;Dakar;337;300;8;37min;37;2
Paris;Kuala Lumpur, Malaisie;12h 17min;Kuala Lumpur;737;720;9;17min;17;13
Paris;Mamoudzou, Mayotte;10h 0min;Mamoudzou;600;600;8;0min;0;143
Paris;Bordeaux;1h 10min;Bordeaux;70;60;8;10min;10;199
Paris;Sofia, Bulgarie;2h 45min;Sofia;165;120;8;45min;45;54
Paris;Praia, Cap-Vert;6h 10min;Praia;370;360;8;10min;10;174
Paris;Los Angeles, Etats-Unis;11h 47min;Los Angeles;707;660;9;47min;47;107
Paris;Clermont-Ferrand;1h 2min;Clermont-Ferrand;62;60;7;2min;2;79
Paris;Tachkent, Ouzbékistan;6h 35min;Tachkent;395;360;8;35min;35;172
Paris;Shanghai, Chine;11h 13min;Shanghai;673;660;9;13min;13;135
Paris;Bruxelles, Belgique;0h 55min;Bruxelles;55;0;8;55min;55;8
Paris;Quimper;1h 5min;Quimper;65;60;7;5min;5;68
Paris;Palma de Mallorca, Espagne;1h 50min;Palma de Mallorca;110;60;8;50min;50;41
Paris;Oporto, Portugal;2h 7min;Oporto;127;120;7;7min;7;44
Paris;Oran, Algérie;2h 26min;Oran;146;120;8;26min;26;36
Paris;Bangkok, Thaïlande;11h 20min;Bangkok;680;660;9;20min;20;84
Paris;Lorient;1h 0min;Lorient;60;60;7;0min;0;79
Paris;Bahreïn;6h 15min;Bahreïn;375;360;8;15min;15;82
Paris;Ibiza, Espagne;2h 0min;Ibiza;120;120;7;0min;0;160
Paris;Pise, Italie;1h 40min;Pise;100;60;8;40min;40;1
Paris;Pointe--Pitre, Guadeloupe;8h 43min;Pointe--Pitre;523;480;8;43min;43;138
Paris;Osaka, Japon;11h 40min;Osaka;700;660;9;40min;40;65
Paris;Erévan, Arménie;4h 35min;Erévan;275;240;8;35min;35;86
Paris;Lagos, Nigeria;6h 15min;Lagos;375;360;8;15min;15;69
Paris;New Delhi, Inde;8h 10min;New Delhi;490;480;8;10min;10;107
Paris;Tlemcen, Algérie;2h 25min;Tlemcen;145;120;8;25min;25;60
Paris;Tunis, Tunisie;2h 31min;Tunis;151;120;8;31min;31;101
Paris;Bastia;1h 42min;Bastia;102;60;8;42min;42;7
Paris;Dubaï, Emirats arabes unis;6h 35min;Dubaï;395;360;8;35min;35;29
Paris;Bucarest, Roumanie;2h 50min;Bucarest;170;120;8;50min;50;61
Paris;Calgary, Canada;9h 35min;Calgary;575;540;8;35min;35;74
Paris;Saint Denis, Réunion;10h 53min;Saint Denis;653;600;9;53min;53;30
Paris;Conakry, Guinée;6h 20min;Conakry;380;360;8;20min;20;73
Paris;Calvi;1h 35min;Calvi;95;60;8;35min;35;216
Paris;M laga, Espagne;2h 28min;M laga;148;120;8;28min;28;229
Paris;Guangzhou, Chine;11h 42min;Guangzhou;702;660;9;42min;42;126
Paris;Gênes, Italie;1h 35min;Gênes;95;60;8;35min;35;145
Paris;Hambourg, Allemagne;1h 30min;Hambourg;90;60;8;30min;30;91
Paris;Budapest, Hongrie;2h 10min;Budapest;130;120;8;10min;10;205
Paris;Catane, Italie;2h 35min;Catane;155;120;8;35min;35;73
Paris;Zagreb, Croatie;2h 0min;Zagreb;120;120;7;0min;0;226
Paris;Miami, Etats-Unis;10h 2min;Miami;602;600;8;2min;2;213
Paris;Bergen, Norvège;2h 10min;Bergen;130;120;8;10min;10;140
Paris;Lyon;1h 5min;Lyon;65;60;7;5min;5;22
Paris;Abidjan, Côte d'Ivoire;6h 25min;Abidjan;385;360;8;25min;25;13
Paris;Edimbourg, Royaume-Uni;1h 52min;Edimbourg;112;60;8;52min;52;176
Paris;Bilbao, Espagne;1h 32min;Bilbao;92;60;8;32min;32;105
Paris;Stockholm, Suède;2h 35min;Stockholm;155;120;8;35min;35;91
Paris;Toulouse;1h 17min;Toulouse;77;60;8;17min;17;13
Paris;Venise, Italie;1h 40min;Venise;100;60;8;40min;40;21
Paris;Perpignan;1h 15min;Perpignan;75;60;8;15min;15;92
Paris;Nottingham, Royaume-Uni;1h 25min;Nottingham;85;60;8;25min;25;150
Paris;Bodrum, Turquie;3h 30min;Bodrum;210;180;8;30min;30;85
Paris;Manchester, Royaume-Uni;1h 33min;Manchester;93;60;8;33min;33;178
Paris;Düsseldorf, Allemagne;1h 7min;Düsseldorf;67;60;7;7min;7;219
Paris;La Havane, Cuba;10h 17min;La Havane;617;600;9;17min;17;192
Paris;Yaoundé, Cameroun;6h 45min;Yaoundé;405;360;8;45min;45;237
Paris;Charlotte, Etats-Unis;9h 15min;Charlotte;555;540;8;15min;15;76
Paris;Héraklion, Grèce;3h 35min;Héraklion;215;180;8;35min;35;198
Paris;Islamabad, Pakistan;7h 30min;Islamabad;450;420;8;30min;30;22
Paris;Vérone, Italie;1h 32min;Vérone;92;60;8;32min;32;136
Paris;Munich, Allemagne;1h 30min;Munich;90;60;8;30min;30;28
Paris;Brême, Allemagne;1h 30min;Brême;90;60;8;30min;30;51
Paris;Olbia, Italie;2h 10min;Olbia;130;120;8;10min;10;208
Paris;Ajaccio;1h 41min;Ajaccio;101;60;8;41min;41;243
Paris;Port-au-Prince, Haïti;9h 15min;Port-au-Prince;555;540;8;15min;15;36
Paris;Leeds, Royaume-Uni;1h 30min;Leeds;90;60;8;30min;30;90
Paris;Madrid, Espagne;2h 10min;Madrid;130;120;8;10min;10;144
Paris;Toronto, Canada;8h 23min;Toronto;503;480;8;23min;23;126
Paris;Agen;1h 30min;Agen;90;60;8;30min;30;51
Paris;Hanoï, Vietnam;11h 30min;Hanoï;690;660;9;30min;30;216
Paris;Helsinki, Finlande;3h 0min;Helsinki;180;180;7;0min;0;108
Paris;Téhéran, Iran;5h 45min;Téhéran;345;300;8;45min;45;19
Paris;Rabat, Maroc;2h 48min;Rabat;168;120;8;48min;48;112
Paris;Bogot , Colombie;11h 0min;Bogot ;660;660;8;0min;0;130
Paris;Addis-Abeba, Ethiopie;7h 15min;Addis-Abeba;435;420;8;15min;15;31
Paris;Caracas, Venezuela;10h 15min;Caracas;615;600;9;15min;15;44
Paris;Fort de France, Martinique;8h 51min;Fort de France;531;480;8;51min;51;235
Paris;Minneapolis, Etats-Unis;9h 30min;Minneapolis;570;540;8;30min;30;122
Paris;Nouakchott, Mauritanie;5h 20min;Nouakchott;320;300;8;20min;20;56
Paris;Tbilissi, Géorgie;4h 40min;Tbilissi;280;240;8;40min;40;11
Paris;Washington, Etats-Unis;8h 42min;Washington;522;480;8;42min;42;213
Paris;Punta Cana, République dominicaine;9h 17min;Punta Cana;557;540;8;17min;17;206
Paris;Biskra, Algérie;2h 27min;Biskra;147;120;8;27min;27;96
Paris;Boa Vista, Cap-Vert;6h 5min;Boa Vista;365;360;7;5min;5;147
Paris;Djerba, Tunisie;3h 2min;Djerba;182;180;7;2min;2;180
Paris;Funchal, Portugal;3h 32min;Funchal;212;180;8;32min;32;44
Paris;Varsovie, Pologne;2h 12min;Varsovie;132;120;8;12min;12;140
Paris;Birmingham, Royaume-Uni;1h 25min;Birmingham;85;60;8;25min;25;11
Paris;Toulouse;1h 17min;Toulouse;77;60;8;17min;17;242
Paris;Cardiff, Royaume-Uni;1h 35min;Cardiff;95;60;8;35min;35;161
Paris;Francfort, Allemagne;1h 20min;Francfort;80;60;8;20min;20;147
Paris;Niamey, Niger;5h 25min;Niamey;325;300;8;25min;25;25
Paris;Stuttgart, Allemagne;1h 15min;Stuttgart;75;60;8;15min;15;212
Paris;Sétif, Algérie;2h 17min;Sétif;137;120;8;17min;17;110
Paris;Boston, Etats-Unis;8h 5min;Boston;485;480;7;5min;5;24
Paris;Riyad, Arabie saoudite;6h 20min;Riyad;380;360;8;20min;20;3
Paris;Dubrovnik, Croatie;2h 15min;Dubrovnik;135;120;8;15min;15;200
Paris;Luanda, Angola;8h 0min;Luanda;480;480;7;0min;0;167
Paris;Béjaïa, Algérie;2h 12min;Béjaïa;132;120;8;12min;12;129
Paris;Ourguentch, Ouzbékistan;6h 10min;Ourguentch;370;360;8;10min;10;6
