Au départ de;à destination de;Durée;Destination;Temps;;;;
Londres;Aberdeen, Royaume-Uni;1h 32min;Aberdeen;92;60;8;32min;32
Paris;Aberdeen, Royaume-Uni;1h 55min;Aberdeen;115;60;8;55min;55
Paris;Abidjan, Côte d'Ivoire;6h 25min;Abidjan;385;360;8;25min;25
New York;Abou Dabi, Emirats arabes unis;12h 45min;Abou Dabi;765;720;9;45min;45
Londres;Abou Dabi, Emirats arabes unis;7h 0min;Abou Dabi;420;420;7;0min;0
Paris;Abou Dabi, Emirats arabes unis;6h 55min;Abou Dabi;415;360;8;55min;55
Londres;Abuja, Nigeria;6h 20min;Abuja;380;360;8;20min;20
Paris;Abuja, Nigeria;5h 55min;Abuja;355;300;8;55min;55
New York;Accra, Ghana;10h 43min;Accra;643;600;9;43min;43
Londres;Accra, Ghana;7h 2min;Accra;422;420;7;2min;2
Londres;Achgabat, Turkménistan;6h 25min;Achgabat;385;360;8;25min;25
Londres;Addis-Abeba, Ethiopie;8h 0min;Addis-Abeba;480;480;7;0min;0
Paris;Addis-Abeba, Ethiopie;7h 15min;Addis-Abeba;435;420;8;15min;15
New York;Aéroport John-Wayne, Etats-Unis;6h 1min;Aéroport John-Wayne;361;360;7;1min;1
Londres;Agadir, Maroc;3h 50min;Agadir;230;180;8;50min;50
Paris;Agadir, Maroc;3h 30min;Agadir;210;180;8;30min;30
Paris;Agen;1h 30min;Agen;90;60;8;30min;30
New York;Aguadilla, Porto Rico;3h 49min;Aguadilla;229;180;8;49min;49
Londres;Ajaccio;2h 15min;Ajaccio;135;120;8;15min;15
Paris;Ajaccio;1h 41min;Ajaccio;101;60;8;41min;41
New York;Akron, Etats-Unis;1h 33min;Akron;93;60;8;33min;33
New York;Albany, Etats-Unis;1h 8min;Albany;68;60;7;8min;8
Londres;Alborg, Danemark;1h 45min;Alborg;105;60;8;45min;45
New York;Albuquerque, Etats-Unis;4h 47min;Albuquerque;287;240;8;47min;47
Londres;Alesund, Norvège;2h 10min;Alesund;130;120;8;10min;10
Montréal;Alger, Algérie;7h 50min;Alger;470;420;8;50min;50
Londres;Alger, Algérie;2h 42min;Alger;162;120;8;42min;42
Paris;Alger, Algérie;2h 14min;Alger;134;120;8;14min;14
Londres;Alghero, Italie;2h 30min;Alghero;150;120;8;30min;30
Londres;Alicante, Espagne;2h 30min;Alicante;150;120;8;30min;30
Paris;Alicante, Espagne;1h 55min;Alicante;115;60;8;55min;55
Londres;Almaty, Kazakhstan;7h 22min;Almaty;442;420;8;22min;22
Londres;Almer¡a, Espagne;2h 47min;Almer¡a;167;120;8;47min;47
New York;Amman, Jordanie;11h 15min;Amman;675;660;9;15min;15
Montréal;Amman, Jordanie;10h 40min;Amman;640;600;9;40min;40
Londres;Amman, Jordanie;4h 48min;Amman;288;240;8;48min;48
Paris;Amman, Jordanie;4h 35min;Amman;275;240;8;35min;35
New York;Amsterdam, Pays-Bas;7h 33min;Amsterdam;453;420;8;33min;33
Montréal;Amsterdam, Pays-Bas;6h 50min;Amsterdam;410;360;8;50min;50
Londres;Amsterdam, Pays-Bas;1h 12min;Amsterdam;72;60;8;12min;12
Paris;Amsterdam, Pays-Bas;1h 15min;Amsterdam;75;60;8;15min;15
Londres;Ancône, Italie;2h 20min;Ancône;140;120;8;20min;20
Paris;Annaba, Algérie;2h 12min;Annaba;132;120;8;12min;12
Londres;Antalya, Turquie;4h 10min;Antalya;250;240;8;10min;10
Paris;Antalya, Turquie;3h 45min;Antalya;225;180;8;45min;45
New York;Antigua, Antigua-et-Barbuda;4h 21min;Antigua;261;240;8;21min;21
Londres;Antigua, Antigua-et-Barbuda;8h 22min;Antigua;502;480;8;22min;22
Londres;Anvers, Belgique;1h 0min;Anvers;60;60;7;0min;0
Londres;Arhus, Danemark;1h 45min;Arhus;105;60;8;45min;45
New York;Aruba;4h 42min;Aruba;282;240;8;42min;42
New York;Asheville, Etats-Unis;1h 51min;Asheville;111;60;8;51min;51
Londres;Asturies, Espagne;2h 0min;Asturies;120;120;7;0min;0
Paris;Asturies, Espagne;1h 40min;Asturies;100;60;8;40min;40
New York;Athènes, Grèce;10h 1min;Athènes;601;600;8;1min;1
Montréal;Athènes, Grèce;9h 5min;Athènes;545;540;7;5min;5
Londres;Athènes, Grèce;3h 40min;Athènes;220;180;8;40min;40
Paris;Athènes, Grèce;3h 13min;Athènes;193;180;8;13min;13
New York;Atlanta, Etats-Unis;2h 27min;Atlanta;147;120;8;27min;27
Montréal;Atlanta, Etats-Unis;2h 53min;Atlanta;173;120;8;53min;53
Londres;Atlanta, Etats-Unis;9h 31min;Atlanta;571;540;8;31min;31
Paris;Atlanta, Etats-Unis;9h 42min;Atlanta;582;540;8;42min;42
Paris;Aurillac;1h 20min;Aurillac;80;60;8;20min;20
New York;Austin, Etats-Unis;4h 7min;Austin;247;240;7;7min;7
Londres;Avignon;1h 55min;Avignon;115;60;8;55min;55
Londres;Bacau, Roumanie;3h 10min;Bacau;190;180;8;10min;10
Londres;Bagdad, Irak;5h 30min;Bagdad;330;300;8;30min;30
Montréal;Bagotville, Canada;1h 8min;Bagotville;68;60;7;8min;8
Londres;Bahreïn;6h 30min;Bahreïn;390;360;8;30min;30
Paris;Bahreïn;6h 15min;Bahreïn;375;360;8;15min;15
Montréal;Baie-Comeau, Canada;1h 33min;Baie-Comeau;93;60;8;33min;33
Londres;Bakou, Azerbaïdjan;5h 27min;Bakou;327;300;8;27min;27
Paris;Bakou, Azerbaïdjan;5h 10min;Bakou;310;300;8;10min;10
Montréal;Bâle, Suisse;7h 15min;Bâle;435;420;8;15min;15
Londres;Bâle, Suisse;1h 35min;Bâle;95;60;8;35min;35
Paris;Bâle, Suisse;1h 23min;Bâle;83;60;8;23min;23
Paris;Bamako, Mali;5h 40min;Bamako;340;300;8;40min;40
Londres;Bangalore, Inde;9h 50min;Bangalore;590;540;8;50min;50
Paris;Bangalore, Inde;9h 20min;Bangalore;560;540;8;20min;20
Londres;Bangkok, Thaïlande;11h 26min;Bangkok;686;660;9;26min;26
Paris;Bangkok, Thaïlande;11h 20min;Bangkok;680;660;9;20min;20
New York;Bangor, Etats-Unis;1h 36min;Bangor;96;60;8;36min;36
New York;Barcelone, Espagne;7h 51min;Barcelone;471;420;8;51min;51
Montréal;Barcelone, Espagne;7h 10min;Barcelone;430;420;8;10min;10
Londres;Barcelone, Espagne;2h 7min;Barcelone;127;120;7;7min;7
Paris;Barcelone, Espagne;1h 38min;Barcelone;98;60;8;38min;38
Londres;Bari, Italie;2h 45min;Bari;165;120;8;45min;45
Paris;Bari, Italie;2h 25min;Bari;145;120;8;25min;25
Londres;Bastia;2h 15min;Bastia;135;120;8;15min;15
Paris;Bastia;1h 42min;Bastia;102;60;8;42min;42
Montréal;Bathurst, Canada;1h 37min;Bathurst;97;60;8;37min;37
Paris;Batna, Algérie;2h 15min;Batna;135;120;8;15min;15
Paris;Béjaïa, Algérie;2h 12min;Béjaïa;132;120;8;12min;12
New York;Belfast, Royaume-Uni;6h 30min;Belfast;390;360;8;30min;30
Londres;Belfast, Royaume-Uni;1h 22min;Belfast;82;60;8;22min;22
Paris;Belfast, Royaume-Uni;1h 45min;Belfast;105;60;8;45min;45
Londres;Belgrade, Serbie;2h 42min;Belgrade;162;120;8;42min;42
Paris;Belgrade, Serbie;2h 20min;Belgrade;140;120;8;20min;20
Londres;Bergen, Norvège;1h 58min;Bergen;118;60;8;58min;58
Paris;Bergen, Norvège;2h 10min;Bergen;130;120;8;10min;10
Londres;Bergerac;1h 45min;Bergerac;105;60;8;45min;45
Londres;Berne, Suisse;1h 40min;Berne;100;60;8;40min;40
Londres;Beyrouth, Liban;4h 37min;Beyrouth;277;240;8;37min;37
Paris;Beyrouth, Liban;4h 15min;Beyrouth;255;240;8;15min;15
Londres;Béziers;1h 55min;Béziers;115;60;8;55min;55
Londres;Biarritz;1h 47min;Biarritz;107;60;8;47min;47
Paris;Biarritz;1h 22min;Biarritz;82;60;8;22min;22
Londres;Bilbao, Espagne;2h 0min;Bilbao;120;120;7;0min;0
Paris;Bilbao, Espagne;1h 32min;Bilbao;92;60;8;32min;32
Londres;Billund, Danemark;1h 42min;Billund;102;60;8;42min;42
Paris;Billund, Danemark;1h 45min;Billund;105;60;8;45min;45
New York;Birmingham, Etats-Unis;2h 51min;Birmingham;171;120;8;51min;51
New York;Birmingham, Royaume-Uni;7h 5min;Birmingham;425;420;7;5min;5
Paris;Birmingham, Royaume-Uni;1h 25min;Birmingham;85;60;8;25min;25
Paris;Biskra, Algérie;2h 27min;Biskra;147;120;8;27min;27
Paris;Boa Vista, Cap-Vert;6h 5min;Boa Vista;365;360;7;5min;5
Londres;Bodrum, Turquie;3h 55min;Bodrum;235;180;8;55min;55
Paris;Bodrum, Turquie;3h 30min;Bodrum;210;180;8;30min;30
New York;Bogot , Colombie;5h 57min;Bogot ;357;300;8;57min;57
Paris;Bogot , Colombie;11h 0min;Bogot ;660;660;8;0min;0
Londres;Bologne, Italie;2h 5min;Bologne;125;120;7;5min;5
Paris;Bologne, Italie;1h 40min;Bologne;100;60;8;40min;40
New York;Bombay, Inde;14h 47min;Bombay;887;840;9;47min;47
Londres;Bombay, Inde;9h 10min;Bombay;550;540;8;10min;10
Paris;Bombay, Inde;9h 5min;Bombay;545;540;7;5min;5
Montréal;Bordeaux;6h 50min;Bordeaux;410;360;8;50min;50
Londres;Bordeaux;1h 35min;Bordeaux;95;60;8;35min;35
Paris;Bordeaux;1h 10min;Bordeaux;70;60;8;10min;10
New York;Boston, Etats-Unis;1h 14min;Boston;74;60;8;14min;14
Montréal;Boston, Etats-Unis;1h 15min;Boston;75;60;8;15min;15
Londres;Boston, Etats-Unis;7h 30min;Boston;450;420;8;30min;30
Paris;Boston, Etats-Unis;8h 5min;Boston;485;480;7;5min;5
Londres;Bourgas, Bulgarie;3h 25min;Bourgas;205;180;8;25min;25
Londres;Bratislava, Slovaquie;2h 12min;Bratislava;132;120;8;12min;12
Paris;Brazzaville, Congo;8h 50min;Brazzaville;530;480;8;50min;50
Londres;Brême, Allemagne;1h 20min;Brême;80;60;8;20min;20
Paris;Brême, Allemagne;1h 30min;Brême;90;60;8;30min;30
Londres;Brest;1h 40min;Brest;100;60;8;40min;40
Paris;Brest;1h 12min;Brest;72;60;8;12min;12
New York;Bridgetown, Barbade;4h 49min;Bridgetown;289;240;8;49min;49
Londres;Bridgetown, Barbade;8h 52min;Bridgetown;532;480;8;52min;52
Londres;Brindisi, Italie;2h 55min;Brindisi;175;120;8;55min;55
Paris;Bristol, Royaume-Uni;1h 22min;Bristol;82;60;8;22min;22
Londres;Brive-la-Gaillarde;2h 10min;Brive-la-Gaillarde;130;120;8;10min;10
Paris;Brive-la-Gaillarde;1h 20min;Brive-la-Gaillarde;80;60;8;20min;20
Londres;Brno, République tchèque;2h 5min;Brno;125;120;7;5min;5
New York;Bruxelles, Belgique;7h 30min;Bruxelles;450;420;8;30min;30
Montréal;Bruxelles, Belgique;6h 57min;Bruxelles;417;360;8;57min;57
Londres;Bruxelles, Belgique;1h 10min;Bruxelles;70;60;8;10min;10
Paris;Bruxelles, Belgique;0h 55min;Bruxelles;55;0;8;55min;55
Londres;Bucarest, Roumanie;3h 14min;Bucarest;194;180;8;14min;14
Paris;Bucarest, Roumanie;2h 50min;Bucarest;170;120;8;50min;50
Londres;Budapest, Hongrie;2h 26min;Budapest;146;120;8;26min;26
Paris;Budapest, Hongrie;2h 10min;Budapest;130;120;8;10min;10
New York;Buenos Aires, Argentine;10h 50min;Buenos Aires;650;600;9;50min;50
Londres;Buenos Aires, Argentine;13h 40min;Buenos Aires;820;780;9;40min;40
Paris;Buenos Aires, Argentine;13h 45min;Buenos Aires;825;780;9;45min;45
New York;Buffalo, Etats-Unis;1h 30min;Buffalo;90;60;8;30min;30
New York;Burbank, Etats-Unis;6h 16min;Burbank;376;360;8;16min;16
New York;Burlington, Etats-Unis;1h 19min;Burlington;79;60;8;19min;19
Londres;Bydgoszcz, Pologne;2h 5min;Bydgoszcz;125;120;7;5min;5
Paris;Caen;0h 50min;Caen;50;0;8;50min;50
Londres;Cagliari, Italie;2h 45min;Cagliari;165;120;8;45min;45
New York;Calgary, Canada;5h 13min;Calgary;313;300;8;13min;13
Montréal;Calgary, Canada;4h 36min;Calgary;276;240;8;36min;36
Londres;Calgary, Canada;9h 31min;Calgary;571;540;8;31min;31
Paris;Calgary, Canada;9h 35min;Calgary;575;540;8;35min;35
Paris;Calvi;1h 35min;Calvi;95;60;8;35min;35
Montréal;Camaguey, Cuba;4h 25min;Camaguey;265;240;8;25min;25
Paris;Cambridge, Royaume-Uni;1h 5min;Cambridge;65;60;7;5min;5
New York;Canc£n, Mexique;4h 13min;Canc£n;253;240;8;13min;13
Montréal;Canc£n, Mexique;4h 45min;Canc£n;285;240;8;45min;45
Londres;Canc£n, Mexique;10h 41min;Canc£n;641;600;9;41min;41
Paris;Canc£n, Mexique;11h 5min;Canc£n;665;660;8;5min;5
New York;Caracas, Venezuela;5h 10min;Caracas;310;300;8;10min;10
Paris;Caracas, Venezuela;10h 15min;Caracas;615;600;9;15min;15
Londres;Carcassonne;1h 55min;Carcassonne;115;60;8;55min;55
Paris;Cardiff, Royaume-Uni;1h 35min;Cardiff;95;60;8;35min;35
New York;Carthagène, Colombie;5h 3min;Carthagène;303;300;7;3min;3
New York;Casablanca, Maroc;7h 25min;Casablanca;445;420;8;25min;25
Montréal;Casablanca, Maroc;7h 0min;Casablanca;420;420;7;0min;0
Londres;Casablanca, Maroc;3h 25min;Casablanca;205;180;8;25min;25
Paris;Casablanca, Maroc;3h 0min;Casablanca;180;180;7;0min;0
Paris;Castres;1h 35min;Castres;95;60;8;35min;35
Londres;Catane, Italie;3h 0min;Catane;180;180;7;0min;0
Paris;Catane, Italie;2h 35min;Catane;155;120;8;35min;35
Paris;Cayenne, Guyane française;9h 7min;Cayenne;547;540;7;7min;7
Montréal;Cayo Coco, Cuba;4h 1min;Cayo Coco;241;240;7;1min;1
Montréal;Cayo Largo, Cuba;4h 5min;Cayo Largo;245;240;7;5min;5
Londres;Céphalonie, Grèce;3h 25min;Céphalonie;205;180;8;25min;25
Londres;Chania, Grèce;3h 52min;Chania;232;180;8;52min;52
Paris;Chania, Grèce;3h 25min;Chania;205;180;8;25min;25
New York;Charleston, Etats-Unis;2h 11min;Charleston;131;120;8;11min;11
New York;Charlotte Amalie, îles Vierges des Etats-Unis;3h 59min;Charlotte Amalie;239;180;8;59min;59
New York;Charlotte, Etats-Unis;2h 5min;Charlotte;125;120;7;5min;5
Montréal;Charlotte, Etats-Unis;2h 41min;Charlotte;161;120;8;41min;41
Londres;Charlotte, Etats-Unis;9h 5min;Charlotte;545;540;7;5min;5
Paris;Charlotte, Etats-Unis;9h 15min;Charlotte;555;540;8;15min;15
New York;Charlottesville, Etats-Unis;1h 40min;Charlottesville;100;60;8;40min;40
Montréal;Charlottetown, Canada;1h 42min;Charlottetown;102;60;8;42min;42
Londres;Charm el-Cheikh, Egypte;5h 18min;Charm el-Cheikh;318;300;8;18min;18
Londres;Chennai, Inde;10h 0min;Chennai;600;600;8;0min;0
Londres;Chi?inau, Moldavie;3h 0min;Chi?inau;180;180;7;0min;0
Montréal;Chibougamau, Canada;1h 25min;Chibougamau;85;60;8;25min;25
New York;Chicago, Etats-Unis;2h 34min;Chicago;154;120;8;34min;34
Montréal;Chicago, Etats-Unis;2h 26min;Chicago;146;120;8;26min;26
Londres;Chicago, Etats-Unis;8h 41min;Chicago;521;480;8;41min;41
Paris;Chicago, Etats-Unis;9h 22min;Chicago;562;540;8;22min;22
New York;Cincinnati, Etats-Unis;2h 11min;Cincinnati;131;120;8;11min;11
Paris;Cincinnati, Etats-Unis;9h 30min;Cincinnati;570;540;8;30min;30
Paris;Clermont-Ferrand;1h 2min;Clermont-Ferrand;62;60;7;2min;2
New York;Cleveland, Etats-Unis;1h 49min;Cleveland;109;60;8;49min;49
Montréal;Cleveland, Etats-Unis;1h 48min;Cleveland;108;60;8;48min;48
Londres;Cluj-Napoca, Roumanie;2h 50min;Cluj-Napoca;170;120;8;50min;50
Londres;Cologne, Allemagne;1h 18min;Cologne;78;60;8;18min;18
Paris;Cologne, Allemagne;1h 20min;Cologne;80;60;8;20min;20
Londres;Colombo, Sri Lanka;10h 45min;Colombo;645;600;9;45min;45
Paris;Colombo, Sri Lanka;10h 20min;Colombo;620;600;9;20min;20
New York;Columbia, Etats-Unis;2h 10min;Columbia;130;120;8;10min;10
New York;Columbus, Etats-Unis;1h 54min;Columbus;114;60;8;54min;54
Paris;Conakry, Guinée;6h 20min;Conakry;380;360;8;20min;20
Paris;Constantine, Algérie;2h 15min;Constantine;135;120;8;15min;15
New York;Copenhague, Danemark;7h 40min;Copenhague;460;420;8;40min;40
Londres;Copenhague, Danemark;1h 50min;Copenhague;110;60;8;50min;50
Paris;Copenhague, Danemark;1h 51min;Copenhague;111;60;8;51min;51
Londres;Cork, Irlande;1h 23min;Cork;83;60;8;23min;23
Paris;Cork, Irlande;1h 30min;Cork;90;60;8;30min;30
Paris;Cotonou, Bénin;6h 15min;Cotonou;375;360;8;15min;15
Londres;Cracovie, Pologne;2h 22min;Cracovie;142;120;8;22min;22
Paris;Cracovie, Pologne;2h 10min;Cracovie;130;120;8;10min;10
Londres;Dacca, Bangladesh;9h 30min;Dacca;570;540;8;30min;30
New York;Dakar, Sénégal;8h 8min;Dakar;488;480;7;8min;8
Paris;Dakar, Sénégal;5h 37min;Dakar;337;300;8;37min;37
Londres;Dalaman, Turquie;4h 2min;Dalaman;242;240;7;2min;2
New York;Dayton, Etats-Unis;2h 8min;Dayton;128;120;7;8min;8
Londres;Deauville;1h 0min;Deauville;60;60;7;0min;0
Londres;Debrecen, Hongrie;2h 40min;Debrecen;160;120;8;40min;40
New York;Denver, Etats-Unis;4h 23min;Denver;263;240;8;23min;23
Montréal;Denver, Etats-Unis;4h 29min;Denver;269;240;8;29min;29
Londres;Denver, Etats-Unis;9h 40min;Denver;580;540;8;40min;40
New York;Département de Guayaquil, Equateur;6h 40min;Département de Guayaquil;400;360;8;40min;40
New York;Département de San Salvador, El Salvador;5h 7min;Département de San Salvador;307;300;7;7min;7
Londres;Derry, Royaume-Uni;1h 25min;Derry;85;60;8;25min;25
New York;Des Moines, Etats-Unis;3h 9min;Des Moines;189;180;7;9min;9
New York;Détroit, Etats-Unis;2h 3min;Détroit;123;120;7;3min;3
Montréal;Détroit, Etats-Unis;2h 4min;Détroit;124;120;7;4min;4
Londres;Détroit, Etats-Unis;8h 35min;Détroit;515;480;8;35min;35
Paris;Détroit, Etats-Unis;8h 52min;Détroit;532;480;8;52min;52
Londres;Dinard;1h 10min;Dinard;70;60;8;10min;10
New York;Djeddah, Arabie saoudite;11h 35min;Djeddah;695;660;9;35min;35
Londres;Djeddah, Arabie saoudite;6h 10min;Djeddah;370;360;8;10min;10
Paris;Djeddah, Arabie saoudite;5h 55min;Djeddah;355;300;8;55min;55
Paris;Djerba, Tunisie;3h 2min;Djerba;182;180;7;2min;2
New York;Doha, Qatar;12h 20min;Doha;740;720;9;20min;20
Montréal;Doha, Qatar;12h 0min;Doha;720;720;8;0min;0
Londres;Doha, Qatar;6h 45min;Doha;405;360;8;45min;45
Paris;Doha, Qatar;6h 20min;Doha;380;360;8;20min;20
Londres;Dole;1h 40min;Dole;100;60;8;40min;40
Londres;Dortmund, Allemagne;1h 20min;Dortmund;80;60;8;20min;20
Paris;Douala, Cameroun;6h 25min;Douala;385;360;8;25min;25
Londres;Dresde, Allemagne;2h 0min;Dresde;120;120;7;0min;0
New York;Dubaï, Emirats arabes unis;12h 30min;Dubaï;750;720;9;30min;30
Londres;Dubaï, Emirats arabes unis;6h 54min;Dubaï;414;360;8;54min;54
Paris;Dubaï, Emirats arabes unis;6h 35min;Dubaï;395;360;8;35min;35
New York;Dublin, Irlande;6h 41min;Dublin;401;360;8;41min;41
Montréal;Dublin, Irlande;5h 55min;Dublin;355;300;8;55min;55
Londres;Dublin, Irlande;1h 18min;Dublin;78;60;8;18min;18
Paris;Dublin, Irlande;1h 47min;Dublin;107;60;8;47min;47
Londres;Dubrovnik, Croatie;2h 39min;Dubrovnik;159;120;8;39min;39
Paris;Dubrovnik, Croatie;2h 15min;Dubrovnik;135;120;8;15min;15
Londres;Dundee, Royaume-Uni;1h 35min;Dundee;95;60;8;35min;35
New York;Düsseldorf, Allemagne;7h 37min;Düsseldorf;457;420;8;37min;37
Londres;Düsseldorf, Allemagne;1h 22min;Düsseldorf;82;60;8;22min;22
Paris;Düsseldorf, Allemagne;1h 7min;Düsseldorf;67;60;7;7min;7
New York;Edimbourg, Royaume-Uni;6h 55min;Edimbourg;415;360;8;55min;55
Londres;Edimbourg, Royaume-Uni;1h 21min;Edimbourg;81;60;8;21min;21
Paris;Edimbourg, Royaume-Uni;1h 52min;Edimbourg;112;60;8;52min;52
New York;Edmonton, Canada;5h 9min;Edmonton;309;300;7;9min;9
Montréal;Edmonton, Canada;4h 28min;Edmonton;268;240;8;28min;28
Londres;Edmonton, Canada;9h 0min;Edmonton;540;540;7;0min;0
Londres;Eindhoven, Pays-Bas;1h 5min;Eindhoven;65;60;7;5min;5
Londres;Entebbe, Ouganda;8h 30min;Entebbe;510;480;8;30min;30
Paris;Erévan, Arménie;4h 35min;Erévan;275;240;8;35min;35
Paris;Essaouira, Maroc;3h 22min;Essaouira;202;180;8;22min;22
Paris;Exeter, Royaume-Uni;1h 30min;Exeter;90;60;8;30min;30
Londres;Faro, Portugal;2h 49min;Faro;169;120;8;49min;49
Paris;Faro, Portugal;2h 32min;Faro;152;120;8;32min;32
Londres;Faroe Islands, îles Féroé;2h 25min;Faroe Islands;145;120;8;25min;25
New York;Fayetteville, Etats-Unis;3h 17min;Fayetteville;197;180;8;17min;17
Londres;Fès, Maroc;3h 20min;Fès;200;180;8;20min;20
Paris;Fès, Maroc;2h 52min;Fès;172;120;8;52min;52
Paris;Figari;1h 45min;Figari;105;60;8;45min;45
Londres;Florence, Italie;2h 15min;Florence;135;120;8;15min;15
Paris;Florence, Italie;1h 47min;Florence;107;60;8;47min;47
Montréal;Fort de France, Martinique;5h 0min;Fort de France;300;300;7;0min;0
Paris;Fort de France, Martinique;8h 51min;Fort de France;531;480;8;51min;51
New York;Fort Lauderdale, Etats-Unis;3h 6min;Fort Lauderdale;186;180;7;6min;6
Montréal;Fort Lauderdale, Etats-Unis;3h 37min;Fort Lauderdale;217;180;8;37min;37
New York;Fort Myers, Etats-Unis;3h 16min;Fort Myers;196;180;8;16min;16
New York;Francfort, Allemagne;7h 54min;Francfort;474;420;8;54min;54
Montréal;Francfort, Allemagne;7h 25min;Francfort;445;420;8;25min;25
Londres;Francfort, Allemagne;1h 36min;Francfort;96;60;8;36min;36
Paris;Francfort, Allemagne;1h 20min;Francfort;80;60;8;20min;20
Montréal;Frédéricton, Canada;1h 23min;Frédéricton;83;60;8;23min;23
Londres;Freetown, Sierra Leone;6h 52min;Freetown;412;360;8;52min;52
Londres;Funchal, Portugal;3h 46min;Funchal;226;180;8;46min;46
Paris;Funchal, Portugal;3h 32min;Funchal;212;180;8;32min;32
Londres;Gdansk, Pologne;2h 7min;Gdansk;127;120;7;7min;7
Londres;Gênes, Italie;2h 0min;Gênes;120;120;7;0min;0
Paris;Gênes, Italie;1h 35min;Gênes;95;60;8;35min;35
New York;Genève, Suisse;7h 45min;Genève;465;420;8;45min;45
Montréal;Genève, Suisse;7h 20min;Genève;440;420;8;20min;20
Londres;Genève, Suisse;1h 38min;Genève;98;60;8;38min;38
Paris;Genève, Suisse;1h 7min;Genève;67;60;7;7min;7
New York;Georgetown, Guyana;6h 15min;Georgetown;375;360;8;15min;15
Londres;Gérone, Espagne;2h 5min;Gérone;125;120;7;5min;5
Londres;Gibraltar;2h 53min;Gibraltar;173;120;8;53min;53
New York;Glasgow, Royaume-Uni;6h 50min;Glasgow;410;360;8;50min;50
Londres;Glasgow, Royaume-Uni;1h 20min;Glasgow;80;60;8;20min;20
Paris;Glasgow, Royaume-Uni;1h 50min;Glasgow;110;60;8;50min;50
Londres;Göteborg, Suède;1h 58min;Göteborg;118;60;8;58min;58
Paris;Göteborg, Suède;2h 0min;Göteborg;120;120;7;0min;0
New York;Grand Cayman, Iles Cayman;3h 56min;Grand Cayman;236;180;8;56min;56
New York;Grand Rapids, Etats-Unis;2h 9min;Grand Rapids;129;120;7;9min;9
New York;Greensboro, Etats-Unis;1h 47min;Greensboro;107;60;8;47min;47
New York;Greenville, Etats-Unis;2h 8min;Greenville;128;120;7;8min;8
New York;Grenade;4h 30min;Grenade;270;240;8;30min;30
Londres;Grenade, Espagne;2h 40min;Grenade;160;120;8;40min;40
Londres;Guangzhou, Chine;12h 0min;Guangzhou;720;720;8;0min;0
Paris;Guangzhou, Chine;11h 42min;Guangzhou;702;660;9;42min;42
New York;Guatemala;5h 6min;Guatemala;306;300;7;6min;6
Londres;Guernsey, Guernesey;1h 3min;Guernsey;63;60;7;3min;3
New York;Halifax, Canada;2h 3min;Halifax;123;120;7;3min;3
Montréal;Halifax, Canada;1h 32min;Halifax;92;60;8;32min;32
Londres;Halifax, Canada;6h 40min;Halifax;400;360;8;40min;40
New York;Hambourg, Allemagne;7h 50min;Hambourg;470;420;8;50min;50
Londres;Hambourg, Allemagne;1h 32min;Hambourg;92;60;8;32min;32
Paris;Hambourg, Allemagne;1h 30min;Hambourg;90;60;8;30min;30
New York;Hamilton, Bermudes;2h 15min;Hamilton;135;120;8;15min;15
Londres;Hamilton, Bermudes;7h 45min;Hamilton;465;420;8;45min;45
Londres;Hanoï, Vietnam;11h 25min;Hanoï;685;660;9;25min;25
Paris;Hanoï, Vietnam;11h 30min;Hanoï;690;660;9;30min;30
Londres;Hanovre, Allemagne;1h 25min;Hanovre;85;60;8;25min;25
Paris;Hanovre, Allemagne;1h 30min;Hanovre;90;60;8;30min;30
New York;Harrisburg, Etats-Unis;1h 10min;Harrisburg;70;60;8;10min;10
New York;Hartford, Etats-Unis;0h 57min;Hartford;57;0;8;57min;57
Montréal;Hartford, Etats-Unis;1h 21min;Hartford;81;60;8;21min;21
Londres;Hassi Messaoud, Algérie;3h 25min;Hassi Messaoud;205;180;8;25min;25
Londres;Haugesund, Norvège;1h 45min;Haugesund;105;60;8;45min;45
New York;Helsinki, Finlande;8h 10min;Helsinki;490;480;8;10min;10
Londres;Helsinki, Finlande;2h 55min;Helsinki;175;120;8;55min;55
Paris;Helsinki, Finlande;3h 0min;Helsinki;180;180;7;0min;0
Londres;Héraklion, Grèce;4h 0min;Héraklion;240;240;7;0min;0
Paris;Héraklion, Grèce;3h 35min;Héraklion;215;180;8;35min;35
Londres;Hô Chi Minh-Ville, Vietnam;12h 10min;Hô Chi Minh-Ville;730;720;9;10min;10
Paris;Hô Chi Minh-Ville, Vietnam;11h 47min;Hô Chi Minh-Ville;707;660;9;47min;47
Montréal;Holgu¡n, Cuba;4h 15min;Holgu¡n;255;240;8;15min;15
New York;Hong Kong;15h 55min;Hong Kong;955;900;9;55min;55
Londres;Hong Kong;11h 53min;Hong Kong;713;660;9;53min;53
Paris;Hong Kong;11h 40min;Hong Kong;700;660;9;40min;40
New York;Honolulu, Etats-Unis;10h 47min;Honolulu;647;600;9;47min;47
Londres;Hurghada, Egypte;5h 20min;Hurghada;320;300;8;20min;20
Londres;Hyderabad, Inde;9h 55min;Hyderabad;595;540;8;55min;55
Londres;Iasi, Roumanie;3h 17min;Iasi;197;180;8;17min;17
Londres;Ibiza, Espagne;2h 25min;Ibiza;145;120;8;25min;25
Paris;Ibiza, Espagne;2h 0min;Ibiza;120;120;7;0min;0
Londres;île de Man;1h 18min;île de Man;78;60;8;18min;18
New York;Indianapolis, Etats-Unis;2h 22min;Indianapolis;142;120;8;22min;22
Londres;Innsbruck, Autriche;1h 55min;Innsbruck;115;60;8;55min;55
Londres;Inverness, Royaume-Uni;1h 38min;Inverness;98;60;8;38min;38
Londres;Islamabad, Pakistan;7h 40min;Islamabad;460;420;8;40min;40
Paris;Islamabad, Pakistan;7h 30min;Islamabad;450;420;8;30min;30
New York;Istanbul, Turquie;9h 57min;Istanbul;597;540;8;57min;57
Montréal;Istanbul, Turquie;9h 0min;Istanbul;540;540;7;0min;0
Londres;Istanbul, Turquie;3h 50min;Istanbul;230;180;8;50min;50
Paris;Istanbul, Turquie;3h 21min;Istanbul;201;180;8;21min;21
New York;Ithaca, Etats-Unis;1h 14min;Ithaca;74;60;8;14min;14
Londres;Izmir, Turquie;3h 45min;Izmir;225;180;8;45min;45
New York;Jacksonville, Etats-Unis;2h 40min;Jacksonville;160;120;8;40min;40
Londres;Jerez, Espagne;2h 50min;Jerez;170;120;8;50min;50
Londres;Jersey;1h 7min;Jersey;67;60;7;7min;7
Paris;Jersey;1h 20min;Jersey;80;60;8;20min;20
New York;Johannesburg, Afrique du Sud;15h 0min;Johannesburg;900;900;8;0min;0
Londres;Johannesburg, Afrique du Sud;11h 5min;Johannesburg;665;660;8;5min;5
Paris;Johannesburg, Afrique du Sud;10h 40min;Johannesburg;640;600;9;40min;40
Londres;Kalamata, Grèce;3h 40min;Kalamata;220;180;8;40min;40
New York;Kansas City, Etats-Unis;3h 23min;Kansas City;203;180;8;23min;23
Londres;Karachi, Pakistan;7h 45min;Karachi;465;420;8;45min;45
Londres;Karlsruhe, Allemagne;1h 25min;Karlsruhe;85;60;8;25min;25
Londres;Katowice, Pologne;2h 12min;Katowice;132;120;8;12min;12
Londres;Kaunas, Lituanie;2h 35min;Kaunas;155;120;8;35min;35
Londres;Kerkira, Grèce;3h 5min;Kerkira;185;180;7;5min;5
Londres;Kerry Airport, Irlande;1h 30min;Kerry Airport;90;60;8;30min;30
New York;Kingston, Jamaïque;3h 53min;Kingston;233;180;8;53min;53
Londres;Kingston, Jamaïque;9h 40min;Kingston;580;540;8;40min;40
Paris;Kinshasa, République démocratique du Congo;7h 50min;Kinshasa;470;420;8;50min;50
Londres;Klagenfurt, Autriche;2h 5min;Klagenfurt;125;120;7;5min;5
Londres;Knock, Irlande;1h 28min;Knock;88;60;8;28min;28
New York;Knoxville, Etats-Unis;2h 18min;Knoxville;138;120;8;18min;18
Londres;Kos, Grèce;3h 55min;Kos;235;180;8;55min;55
New York;Koweït;12h 0min;Koweït;720;720;8;0min;0
Londres;Koweït;6h 10min;Koweït;370;360;8;10min;10
Londres;Kristiansand, Norvège;1h 35min;Kristiansand;95;60;8;35min;35
Paris;Kristiansand, Norvège;2h 0min;Kristiansand;120;120;7;0min;0
Londres;Kuala Lumpur, Malaisie;12h 35min;Kuala Lumpur;755;720;9;35min;35
Paris;Kuala Lumpur, Malaisie;12h 17min;Kuala Lumpur;737;720;9;17min;17
Montréal;Kuujjuaq, Canada;2h 20min;Kuujjuaq;140;120;8;20min;20
Montréal;Kuujjuarapik, Canada;2h 55min;Kuujjuarapik;175;120;8;55min;55
Londres;La Corogne, Espagne;2h 10min;La Corogne;130;120;8;10min;10
Montréal;La Grande, QC;1h 30min;La Grande;90;60;8;30min;30
Londres;La Havane, Cuba;10h 5min;La Havane;605;600;8;5min;5
Paris;La Havane, Cuba;10h 17min;La Havane;617;600;9;17min;17
New York;La Nouvelle-Orléans, Etats-Unis;3h 27min;La Nouvelle-Orléans;207;180;8;27min;27
Londres;La Rochelle;1h 30min;La Rochelle;90;60;8;30min;30
Paris;La Rochelle;1h 15min;La Rochelle;75;60;8;15min;15
New York;La Romana, République dominicaine;3h 48min;La Romana;228;180;8;48min;48
New York;Lagos, Nigeria;10h 40min;Lagos;640;600;9;40min;40
Londres;Lagos, Nigeria;6h 43min;Lagos;403;360;8;43min;43
Paris;Lagos, Nigeria;6h 15min;Lagos;375;360;8;15min;15
New York;Lahore, Pakistan;13h 45min;Lahore;825;780;9;45min;45
Londres;Lahore, Pakistan;7h 40min;Lahore;460;420;8;40min;40
Paris;Lahore, Pakistan;7h 30min;Lahore;450;420;8;30min;30
Londres;Lamezia Terme, Italie;3h 0min;Lamezia Terme;180;180;7;0min;0
Paris;Lannion;1h 20min;Lannion;80;60;8;20min;20
Londres;Lanzarote, Espagne;4h 11min;Lanzarote;251;240;8;11min;11
Londres;Larnaca, Chypre;4h 35min;Larnaca;275;240;8;35min;35
Paris;Larnaca, Chypre;4h 5min;Larnaca;245;240;7;5min;5
Londres;Las Palmas, Espagne;4h 27min;Las Palmas;267;240;8;27min;27
New York;Las Vegas, Etats-Unis;5h 38min;Las Vegas;338;300;8;38min;38
Montréal;Las Vegas, Etats-Unis;5h 35min;Las Vegas;335;300;8;35min;35
Londres;Las Vegas, Etats-Unis;10h 38min;Las Vegas;638;600;9;38min;38
New York;Le Caire, Egypte;10h 30min;Le Caire;630;600;9;30min;30
Londres;Le Caire, Egypte;4h 47min;Le Caire;287;240;8;47min;47
Paris;Le Caire, Egypte;4h 22min;Le Caire;262;240;8;22min;22
Londres;Le Cap, Afrique du Sud;11h 45min;Le Cap;705;660;9;45min;45
Paris;Le Puy;1h 5min;Le Puy;65;60;7;5min;5
Londres;Leeds, Royaume-Uni;1h 0min;Leeds;60;60;7;0min;0
Paris;Leeds, Royaume-Uni;1h 30min;Leeds;90;60;8;30min;30
Londres;Leipzig, Allemagne;1h 40min;Leipzig;100;60;8;40min;40
Paris;Leipzig, Allemagne;1h 45min;Leipzig;105;60;8;45min;45
New York;Lexington, Etats-Unis;2h 19min;Lexington;139;120;8;19min;19
New York;Liberia Canton, Costa Rica;5h 26min;Liberia Canton;326;300;8;26min;26
Paris;Libreville, Gabon;6h 55min;Libreville;415;360;8;55min;55
New York;Lima, Pérou;8h 2min;Lima;482;480;7;2min;2
Paris;Lima, Pérou;12h 45min;Lima;765;720;9;45min;45
Londres;Limoges;1h 35min;Limoges;95;60;8;35min;35
Paris;Limoges;1h 10min;Limoges;70;60;8;10min;10
Londres;Linz, Autriche;2h 0min;Linz;120;120;7;0min;0
New York;Lisbonne, Portugal;6h 57min;Lisbonne;417;360;8;57min;57
Montréal;Lisbonne, Portugal;6h 25min;Lisbonne;385;360;8;25min;25
Londres;Lisbonne, Portugal;2h 41min;Lisbonne;161;120;8;41min;41
Paris;Lisbonne, Portugal;2h 27min;Lisbonne;147;120;8;27min;27
Paris;Liverpool, Royaume-Uni;1h 30min;Liverpool;90;60;8;30min;30
Londres;Ljubljana, Slovénie;2h 5min;Ljubljana;125;120;7;5min;5
Paris;Ljubljana, Slovénie;1h 47min;Ljubljana;107;60;8;47min;47
Londres;Lidz, Pologne;2h 10min;Lidz;130;120;8;10min;10
Paris;Lomé, Togo;6h 20min;Lomé;380;360;8;20min;20
New York;Long Beach, Etats-Unis;6h 15min;Long Beach;375;360;8;15min;15
Paris;Lorient;1h 0min;Lorient;60;60;7;0min;0
New York;Los Angeles, Etats-Unis;6h 7min;Los Angeles;367;360;7;7min;7
Montréal;Los Angeles, Etats-Unis;6h 6min;Los Angeles;366;360;7;6min;6
Londres;Los Angeles, Etats-Unis;11h 22min;Los Angeles;682;660;9;22min;22
Paris;Los Angeles, Etats-Unis;11h 47min;Los Angeles;707;660;9;47min;47
New York;Louisville, Etats-Unis;2h 30min;Louisville;150;120;8;30min;30
Londres;Lourdes;1h 55min;Lourdes;115;60;8;55min;55
Paris;Lourdes;1h 20min;Lourdes;80;60;8;20min;20
Londres;Luanda, Angola;8h 35min;Luanda;515;480;8;35min;35
Paris;Luanda, Angola;8h 0min;Luanda;480;480;7;0min;0
Londres;Lublin, Pologne;2h 35min;Lublin;155;120;8;35min;35
Londres;Lusaka, Zambie;10h 5min;Lusaka;605;600;8;5min;5
Londres;Luxembourg;1h 17min;Luxembourg;77;60;8;17min;17
Paris;Luxembourg;0h 55min;Luxembourg;55;0;8;55min;55
Montréal;Lyon;7h 10min;Lyon;430;420;8;10min;10
Montréal;Lyon;7h 10min;Lyon;430;420;8;10min;10
Londres;Lyon;1h 36min;Lyon;96;60;8;36min;36
Londres;Lyon;1h 36min;Lyon;96;60;8;36min;36
Paris;Lyon;1h 5min;Lyon;65;60;7;5min;5
Londres;Maastricht, Pays-Bas;1h 15min;Maastricht;75;60;8;15min;15
New York;Madison, Etats-Unis;2h 30min;Madison;150;120;8;30min;30
New York;Madrid, Espagne;7h 30min;Madrid;450;420;8;30min;30
Montréal;Madrid, Espagne;6h 45min;Madrid;405;360;8;45min;45
Londres;Madrid, Espagne;2h 30min;Madrid;150;120;8;30min;30
Paris;Madrid, Espagne;2h 10min;Madrid;130;120;8;10min;10
Montréal;M laga, Espagne;7h 5min;M laga;425;420;7;5min;5
Londres;M laga, Espagne;2h 52min;M laga;172;120;8;52min;52
Paris;M laga, Espagne;2h 28min;M laga;148;120;8;28min;28
Londres;Malé, Maldives;10h 10min;Malé;610;600;9;10min;10
Londres;Malmö, Suède;1h 50min;Malmö;110;60;8;50min;50
Londres;Malte;3h 10min;Malte;190;180;8;10min;10
Paris;Malte;2h 43min;Malte;163;120;8;43min;43
Paris;Mamoudzou, Mayotte;10h 0min;Mamoudzou;600;600;8;0min;0
New York;Manchester, Etats-Unis;1h 13min;Manchester;73;60;8;13min;13
New York;Manchester, Royaume-Uni;7h 12min;Manchester;432;420;8;12min;12
Londres;Manchester, Royaume-Uni;1h 0min;Manchester;60;60;7;0min;0
Paris;Manchester, Royaume-Uni;1h 33min;Manchester;93;60;8;33min;33
Londres;Marrakech, Maroc;3h 41min;Marrakech;221;180;8;41min;41
Paris;Marrakech, Maroc;3h 16min;Marrakech;196;180;8;16min;16
New York;Marseille;7h 35min;Marseille;455;420;8;35min;35
Montréal;Marseille;7h 20min;Marseille;440;420;8;20min;20
Londres;Marseille;1h 56min;Marseille;116;60;8;56min;56
Paris;Marseille;1h 20min;Marseille;80;60;8;20min;20
New York;Martha's Vineyard Airport, Etats-Unis;1h 6min;Martha's Vineyard Airport;66;60;7;6min;6
Londres;Mascate, Oman;7h 25min;Mascate;445;420;8;25min;25
Paris;Mascate, Oman;7h 15min;Mascate;435;420;8;15min;15
Londres;Maurice;11h 55min;Maurice;715;660;9;55min;55
Paris;Maurice;11h 11min;Maurice;671;660;9;11min;11
New York;Medell¡n, Colombie;5h 40min;Medell¡n;340;300;8;40min;40
Londres;Memmingen, Allemagne;1h 40min;Memmingen;100;60;8;40min;40
New York;Memphis, Etats-Unis;2h 54min;Memphis;174;120;8;54min;54
New York;Mexico, Mexique;5h 18min;Mexico;318;300;8;18min;18
Montréal;Mexico, Mexique;5h 55min;Mexico;355;300;8;55min;55
Londres;Mexico, Mexique;11h 57min;Mexico;717;660;9;57min;57
Paris;Mexico, Mexique;12h 20min;Mexico;740;720;9;20min;20
New York;Miami, Etats-Unis;3h 13min;Miami;193;180;8;13min;13
Montréal;Miami, Etats-Unis;3h 42min;Miami;222;180;8;42min;42
Londres;Miami, Etats-Unis;9h 38min;Miami;578;540;8;38min;38
Paris;Miami, Etats-Unis;10h 2min;Miami;602;600;8;2min;2
Londres;Mikonos, Grèce;3h 55min;Mikonos;235;180;8;55min;55
Paris;Mikonos, Grèce;3h 15min;Mikonos;195;180;8;15min;15
New York;Milan, Italie;8h 4min;Milan;484;480;7;4min;4
Londres;Milan, Italie;1h 57min;Milan;117;60;8;57min;57
Paris;Milan, Italie;1h 26min;Milan;86;60;8;26min;26
New York;Milwaukee, Etats-Unis;2h 25min;Milwaukee;145;120;8;25min;25
New York;Minneapolis, Etats-Unis;3h 1min;Minneapolis;181;180;7;1min;1
Montréal;Minneapolis, Etats-Unis;2h 52min;Minneapolis;172;120;8;52min;52
Londres;Minneapolis, Etats-Unis;9h 15min;Minneapolis;555;540;8;15min;15
Paris;Minneapolis, Etats-Unis;9h 30min;Minneapolis;570;540;8;30min;30
Londres;Minorque, Espagne;2h 20min;Minorque;140;120;8;20min;20
Londres;Minsk, Biélorussie;2h 55min;Minsk;175;120;8;55min;55
Paris;Minsk, Biélorussie;2h 45min;Minsk;165;120;8;45min;45
Paris;Monastir, Tunisie;2h 32min;Monastir;152;120;8;32min;32
New York;Moncton, Canada;1h 59min;Moncton;119;60;8;59min;59
Montréal;Moncton, Canada;1h 27min;Moncton;87;60;8;27min;27
Paris;Monrovia, Liberia;6h 30min;Monrovia;390;360;8;30min;30
New York;Montego Bay, Jamaïque;3h 53min;Montego Bay;233;180;8;53min;53
Montréal;Montego Bay, Jamaïque;4h 31min;Montego Bay;271;240;8;31min;31
Londres;Montego Bay, Jamaïque;9h 45min;Montego Bay;585;540;8;45min;45
Montréal;Mont-Joli, Canada;1h 28min;Mont-Joli;88;60;8;28min;28
Londres;Montpellier;1h 50min;Montpellier;110;60;8;50min;50
Paris;Montpellier;1h 17min;Montpellier;77;60;8;17min;17
New York;Moscou, Russie;9h 20min;Moscou;560;540;8;20min;20
Londres;Moscou, Russie;3h 52min;Moscou;232;180;8;52min;52
Paris;Moscou, Russie;3h 47min;Moscou;227;180;8;47min;47
Paris;Mulhouse;1h 20min;Mulhouse;80;60;8;20min;20
New York;Munich, Allemagne;8h 8min;Munich;488;480;7;8min;8
Montréal;Munich, Allemagne;7h 35min;Munich;455;420;8;35min;35
Londres;Munich, Allemagne;1h 51min;Munich;111;60;8;51min;51
Paris;Munich, Allemagne;1h 30min;Munich;90;60;8;30min;30
Londres;Münster, Allemagne;1h 40min;Münster;100;60;8;40min;40
Londres;Murcie, Espagne;2h 36min;Murcie;156;120;8;36min;36
New York;Myrtle Beach, Etats-Unis;2h 1min;Myrtle Beach;121;120;7;1min;1
Londres;Nairobi, Kenya;8h 32min;Nairobi;512;480;8;32min;32
Paris;Nairobi, Kenya;8h 30min;Nairobi;510;480;8;30min;30
Montréal;Nantes;6h 30min;Nantes;390;360;8;30min;30
Londres;Nantes;1h 32min;Nantes;92;60;8;32min;32
Paris;Nantes;1h 10min;Nantes;70;60;8;10min;10
New York;Nantucket, Etats-Unis;1h 12min;Nantucket;72;60;8;12min;12
New York;Naples, Italie;9h 0min;Naples;540;540;7;0min;0
Londres;Naples, Italie;2h 36min;Naples;156;120;8;36min;36
Paris;Naples, Italie;2h 15min;Naples;135;120;8;15min;15
New York;Nashville, Etats-Unis;2h 32min;Nashville;152;120;8;32min;32
New York;Nassau, Bahamas;3h 1min;Nassau;181;180;7;1min;1
Londres;Nassau, Bahamas;10h 15min;Nassau;615;600;9;15min;15
Paris;N'Djamena, Tchad;5h 35min;N'Djamena;335;300;8;35min;35
New York;New Delhi, Inde;14h 7min;New Delhi;847;840;8;7min;7
Londres;New Delhi, Inde;8h 25min;New Delhi;505;480;8;25min;25
Paris;New Delhi, Inde;8h 10min;New Delhi;490;480;8;10min;10
Londres;Newcastle upon Tyne, Royaume-Uni;1h 17min;Newcastle upon Tyne;77;60;8;17min;17
Paris;Newcastle upon Tyne, Royaume-Uni;1h 45min;Newcastle upon Tyne;105;60;8;45min;45
Londres;Newquay, Royaume-Uni;1h 10min;Newquay;70;60;8;10min;10
Paris;Niamey, Niger;5h 25min;Niamey;325;300;8;25min;25
New York;Nice;8h 7min;Nice;487;480;7;7min;7
Montréal;Nice;7h 30min;Nice;450;420;8;30min;30
Londres;Nice;2h 2min;Nice;122;120;7;2min;2
Paris;Nice;1h 25min;Nice;85;60;8;25min;25
Londres;Nmes, France;1h 50min;Nmes;110;60;8;50min;50
New York;Norfolk, Etats-Unis;1h 34min;Norfolk;94;60;8;34min;34
Paris;Nottingham, Royaume-Uni;1h 25min;Nottingham;85;60;8;25min;25
Paris;Nouakchott, Mauritanie;5h 20min;Nouakchott;320;300;8;20min;20
Londres;Nuremberg, Allemagne;1h 45min;Nuremberg;105;60;8;45min;45
Paris;Nuremberg, Allemagne;1h 25min;Nuremberg;85;60;8;25min;25
New York;Oakland, Etats-Unis;6h 35min;Oakland;395;360;8;35min;35
New York;Oklahoma City, Etats-Unis;3h 41min;Oklahoma City;221;180;8;41min;41
Londres;Olbia, Italie;2h 25min;Olbia;145;120;8;25min;25
Paris;Olbia, Italie;2h 10min;Olbia;130;120;8;10min;10
New York;Omaha, Etats-Unis;3h 16min;Omaha;196;180;8;16min;16
New York;Oporto, Portugal;7h 0min;Oporto;420;420;7;0min;0
Londres;Oporto, Portugal;2h 21min;Oporto;141;120;8;21min;21
Paris;Oporto, Portugal;2h 7min;Oporto;127;120;7;7min;7
Paris;Oran, Algérie;2h 26min;Oran;146;120;8;26min;26
New York;Orlando, Etats-Unis;2h 52min;Orlando;172;120;8;52min;52
Montréal;Orlando, Etats-Unis;3h 25min;Orlando;205;180;8;25min;25
Londres;Orlando, Etats-Unis;9h 20min;Orlando;560;540;8;20min;20
New York;Osaka, Japon;14h 20min;Osaka;860;840;9;20min;20
Paris;Osaka, Japon;11h 40min;Osaka;700;660;9;40min;40
New York;Oslo, Norvège;7h 26min;Oslo;446;420;8;26min;26
Londres;Oslo, Norvège;2h 6min;Oslo;126;120;7;6min;6
Paris;Oslo, Norvège;2h 18min;Oslo;138;120;8;18min;18
Londres;Ostrava, République tchèque;2h 10min;Ostrava;130;120;8;10min;10
Paris;Ostrava, République tchèque;1h 50min;Ostrava;110;60;8;50min;50
New York;Ottawa, Canada;1h 24min;Ottawa;84;60;8;24min;24
Montréal;Ottawa, Canada;0h 40min;Ottawa;40;0;8;40min;40
Londres;Ottawa, Canada;7h 45min;Ottawa;465;420;8;45min;45
Paris;Ouagadougou, Burkina Faso;5h 35min;Ouagadougou;335;300;8;35min;35
Paris;Ouarzazate, Maroc;3h 15min;Ouarzazate;195;180;8;15min;15
Paris;Oujda, Maroc;2h 36min;Oujda;156;120;8;36min;36
Paris;Ourguentch, Ouzbékistan;6h 10min;Ourguentch;370;360;8;10min;10
Londres;Paderborn, Allemagne;1h 45min;Paderborn;105;60;8;45min;45
New York;Palerme, Italie;9h 5min;Palerme;545;540;7;5min;5
Londres;Palerme, Italie;2h 55min;Palerme;175;120;8;55min;55
Paris;Palerme, Italie;2h 22min;Palerme;142;120;8;22min;22
Londres;Palma de Mallorca, Espagne;2h 21min;Palma de Mallorca;141;120;8;21min;21
Paris;Palma de Mallorca, Espagne;1h 50min;Palma de Mallorca;110;60;8;50min;50
New York;Panam , Panama;5h 22min;Panam ;322;300;8;22min;22
Londres;Paphos, Chypre;4h 33min;Paphos;273;240;8;33min;33
Londres;Pau;2h 5min;Pau;125;120;7;5min;5
Paris;Pau;1h 22min;Pau;82;60;8;22min;22
New York;Pékin, Chine;13h 42min;Pékin;822;780;9;42min;42
Londres;Pékin, Chine;9h 53min;Pékin;593;540;8;53min;53
Paris;Pékin, Chine;9h 57min;Pékin;597;540;8;57min;57
Paris;Périgueux;1h 20min;Périgueux;80;60;8;20min;20
Londres;Pérouse, Italie;2h 25min;Pérouse;145;120;8;25min;25
Londres;Perpignan;2h 0min;Perpignan;120;120;7;0min;0
Paris;Perpignan;1h 15min;Perpignan;75;60;8;15min;15
Londres;Pescara, Italie;2h 30min;Pescara;150;120;8;30min;30
Londres;Pise, Italie;2h 10min;Pise;130;120;8;10min;10
Paris;Pise, Italie;1h 40min;Pise;100;60;8;40min;40
New York;Pittsburgh, Etats-Unis;1h 40min;Pittsburgh;100;60;8;40min;40
Paris;Pittsburgh, Etats-Unis;9h 10min;Pittsburgh;550;540;8;10min;10
Londres;Plovdiv, Bulgarie;3h 20min;Plovdiv;200;180;8;20min;20
Londres;Podgorica, Monténégro;2h 40min;Podgorica;160;120;8;40min;40
Paris;Podgorica, Monténégro;2h 25min;Podgorica;145;120;8;25min;25
Montréal;Pointe--Pitre, Guadeloupe;4h 45min;Pointe--Pitre;285;240;8;45min;45
Paris;Pointe--Pitre, Guadeloupe;8h 43min;Pointe--Pitre;523;480;8;43min;43
Paris;Pointe-Noire, Congo;7h 45min;Pointe-Noire;465;420;8;45min;45
Londres;Poitiers;1h 25min;Poitiers;85;60;8;25min;25
New York;Ponce, Porto Rico;3h 46min;Ponce;226;180;8;46min;46
Montréal;Ponta Delgada, Portugal;5h 0min;Ponta Delgada;300;300;7;0min;0
Londres;Ponta Delgada, Portugal;3h 45min;Ponta Delgada;225;180;8;45min;45
Paris;Ponta Delgada, Portugal;4h 5min;Ponta Delgada;245;240;7;5min;5
New York;Port d?Espagne, Trinité-et-Tobago;4h 58min;Port d?Espagne;298;240;8;58min;58
Londres;Port d?Espagne, Trinité-et-Tobago;9h 15min;Port d?Espagne;555;540;8;15min;15
New York;Port-au-Prince, Haïti;4h 2min;Port-au-Prince;242;240;7;2min;2
Montréal;Port-au-Prince, Haïti;4h 25min;Port-au-Prince;265;240;8;25min;25
Paris;Port-au-Prince, Haïti;9h 15min;Port-au-Prince;555;540;8;15min;15
New York;Portland, Etats-Unis;1h 21min;Portland;81;60;8;21min;21
Londres;Poznan, Pologne;2h 2min;Poznan;122;120;7;2min;2
New York;Prague, République tchèque;8h 29min;Prague;509;480;8;29min;29
Londres;Prague, République tchèque;1h 53min;Prague;113;60;8;53min;53
Paris;Prague, République tchèque;1h 38min;Prague;98;60;8;38min;38
Paris;Praia, Cap-Vert;6h 10min;Praia;370;360;8;10min;10
Londres;Prishtina, Kosovo;3h 15min;Prishtina;195;180;8;15min;15
New York;Providence, Etats-Unis;1h 5min;Providence;65;60;7;5min;5
New York;Providenciales, îles Turks et Caïques;3h 42min;Providenciales;222;180;8;42min;42
New York;Puerto Plata, République dominicaine;3h 43min;Puerto Plata;223;180;8;43min;43
Montréal;Puerto Plata, République dominicaine;4h 17min;Puerto Plata;257;240;8;17min;17
Londres;Puerto, Espagne;4h 17min;Puerto;257;240;8;17min;17
Londres;Pula, Croatie;2h 10min;Pula;130;120;8;10min;10
New York;Punta Cana, République dominicaine;3h 55min;Punta Cana;235;180;8;55min;55
Montréal;Punta Cana, République dominicaine;4h 27min;Punta Cana;267;240;8;27min;27
Paris;Punta Cana, République dominicaine;9h 17min;Punta Cana;557;540;8;17min;17
New York;Québec, Canada;1h 36min;Québec;96;60;8;36min;36
Montréal;Québec, Canada;0h 48min;Québec;48;0;8;48min;48
Paris;Québec, Canada;7h 30min;Québec;450;420;8;30min;30
Londres;Quimper;1h 10min;Quimper;70;60;8;10min;10
Paris;Quimper;1h 5min;Quimper;65;60;7;5min;5
Paris;Rabat, Maroc;2h 48min;Rabat;168;120;8;48min;48
New York;Raleigh, Etats-Unis;1h 44min;Raleigh;104;60;8;44min;44
Londres;Raleigh, Etats-Unis;8h 55min;Raleigh;535;480;8;55min;55
Paris;Rennes;1h 10min;Rennes;70;60;8;10min;10
Londres;Reus, Espagne;2h 10min;Reus;130;120;8;10min;10
New York;Reykjav¡k, Islande;5h 37min;Reykjav¡k;337;300;8;37min;37
Londres;Reykjav¡k, Islande;3h 2min;Reykjav¡k;182;180;7;2min;2
Paris;Reykjav¡k, Islande;3h 30min;Reykjav¡k;210;180;8;30min;30
Londres;Rhodes, Grèce;4h 2min;Rhodes;242;240;7;2min;2
New York;Richmond, Etats-Unis;1h 35min;Richmond;95;60;8;35min;35
New York;Riga, Lettonie;8h 45min;Riga;525;480;8;45min;45
Londres;Riga, Lettonie;2h 40min;Riga;160;120;8;40min;40
Paris;Riga, Lettonie;2h 40min;Riga;160;120;8;40min;40
Londres;Rijeka, Croatie;2h 12min;Rijeka;132;120;8;12min;12
New York;Rio de Janeiro, Brésil;10h 2min;Rio de Janeiro;602;600;8;2min;2
Londres;Rio de Janeiro, Brésil;11h 45min;Rio de Janeiro;705;660;9;45min;45
Paris;Rio de Janeiro, Brésil;11h 40min;Rio de Janeiro;700;660;9;40min;40
New York;Riyad, Arabie saoudite;11h 55min;Riyad;715;660;9;55min;55
Londres;Riyad, Arabie saoudite;6h 37min;Riyad;397;360;8;37min;37
Paris;Riyad, Arabie saoudite;6h 20min;Riyad;380;360;8;20min;20
New York;Roanoke, Etats-Unis;1h 45min;Roanoke;105;60;8;45min;45
New York;Rochester, Etats-Unis;1h 30min;Rochester;90;60;8;30min;30
Londres;Rodez;1h 50min;Rodez;110;60;8;50min;50
Paris;Rodez;1h 25min;Rodez;85;60;8;25min;25
New York;Rome, Italie;8h 31min;Rome;511;480;8;31min;31
Montréal;Rome, Italie;7h 57min;Rome;477;420;8;57min;57
Londres;Rome, Italie;2h 31min;Rome;151;120;8;31min;31
Paris;Rome, Italie;2h 3min;Rome;123;120;7;3min;3
Londres;Rotterdam, Pays-Bas;1h 5min;Rotterdam;65;60;7;5min;5
Montréal;Rouyn-Noranda, Canada;1h 27min;Rouyn-Noranda;87;60;8;27min;27
Londres;Rzesziw, Pologne;2h 35min;Rzesziw;155;120;8;35min;35
New York;Sacramento, Etats-Unis;6h 12min;Sacramento;372;360;8;12min;12
Paris;Saint Denis, Réunion;10h 53min;Saint Denis;653;600;9;53min;53
New York;Saint Domingue, République dominicaine;3h 53min;Saint Domingue;233;180;8;53min;53
New York;Saint John's, Canada;3h 5min;Saint John's;185;180;7;5min;5
Montréal;Saint John's, Canada;2h 26min;Saint John's;146;120;8;26min;26
Londres;Saint John's, Canada;5h 40min;Saint John's;340;300;8;40min;40
New York;Saint-Christophe, Saint-Kitts-et-Nevis;4h 20min;Saint-Christophe;260;240;8;20min;20
Montréal;Saint-John, Canada;1h 36min;Saint-John;96;60;8;36min;36
New York;Saint-Louis, Etats-Unis;2h 49min;Saint-Louis;169;120;8;49min;49
New York;Saint-Martin, Sint Maarten;4h 4min;Saint-Martin;244;240;7;4min;4
Paris;Saint-Martin, Sint Maarten;8h 45min;Saint-Martin;525;480;8;45min;45
Londres;Saint-Pétersbourg, Russie;3h 20min;Saint-Pétersbourg;200;180;8;20min;20
Paris;Saint-Pétersbourg, Russie;3h 12min;Saint-Pétersbourg;192;180;8;12min;12
Montréal;Saint-Pierre, Saint-Pierre-et-Miquelon;2h 50min;Saint-Pierre;170;120;8;50min;50
New York;Salt Lake City, Etats-Unis;5h 13min;Salt Lake City;313;300;8;13min;13
Paris;Salt Lake City, Etats-Unis;11h 10min;Salt Lake City;670;660;9;10min;10
Londres;Salzbourg, Autriche;1h 52min;Salzbourg;112;60;8;52min;52
New York;San Antonio, Etats-Unis;4h 13min;San Antonio;253;240;8;13min;13
New York;San Diego, Etats-Unis;6h 0min;San Diego;360;360;7;0min;0
Londres;San Diego, Etats-Unis;11h 10min;San Diego;670;660;9;10min;10
New York;San Francisco, Etats-Unis;6h 24min;San Francisco;384;360;8;24min;24
Montréal;San Francisco, Etats-Unis;6h 12min;San Francisco;372;360;8;12min;12
Londres;San Francisco, Etats-Unis;11h 3min;San Francisco;663;660;8;3min;3
Paris;San Francisco, Etats-Unis;11h 35min;San Francisco;695;660;9;35min;35
New York;San José, Costa Rica;5h 18min;San José;318;300;8;18min;18
New York;San José, Etats-Unis;6h 35min;San José;395;360;8;35min;35
New York;San Juan, Porto Rico;3h 57min;San Juan;237;180;8;57min;57
New York;San Pedro Sula, Honduras;4h 44min;San Pedro Sula;284;240;8;44min;44
New York;Santa Barbar  de Saman , République dominicaine;3h 43min;Santa Barbar  de Saman ;223;180;8;43min;43
Montréal;Santa Clara, Cuba;3h 53min;Santa Clara;233;180;8;53min;53
Londres;Santander, Espagne;2h 0min;Santander;120;120;7;0min;0
Londres;Santiago de Compostela, Espagne;2h 5min;Santiago de Compostela;125;120;7;5min;5
Paris;Santiago de Compostela, Espagne;2h 0min;Santiago de Compostela;120;120;7;0min;0
Paris;Santiago de Cuba, Cuba;10h 25min;Santiago de Cuba;625;600;9;25min;25
New York;Santiago de los Caballeros, République dominicaine;3h 43min;Santiago de los Caballeros;223;180;8;43min;43
New York;Santiago, Chili;10h 10min;Santiago;610;600;9;10min;10
Paris;Santiago, Chili;14h 25min;Santiago;865;840;9;25min;25
Londres;Santorin, Grèce;3h 50min;Santorin;230;180;8;50min;50
Paris;Santorin, Grèce;3h 20min;Santorin;200;180;8;20min;20
New York;Sao Paulo, Brésil;9h 47min;Sao Paulo;587;540;8;47min;47
Londres;Sao Paulo, Brésil;11h 30min;Sao Paulo;690;660;9;30min;30
Paris;Sao Paulo, Brésil;11h 50min;Sao Paulo;710;660;9;50min;50
Paris;Sao Vicente, Cap-Vert;6h 10min;Sao Vicente;370;360;8;10min;10
Londres;Saragosse, Espagne;2h 10min;Saragosse;130;120;8;10min;10
New York;Sarasota, Etats-Unis;3h 9min;Sarasota;189;180;7;9min;9
New York;Savannah, Etats-Unis;2h 22min;Savannah;142;120;8;22min;22
New York;Seattle, Etats-Unis;6h 14min;Seattle;374;360;8;14min;14
Londres;Seattle, Etats-Unis;9h 35min;Seattle;575;540;8;35min;35
Paris;Seattle, Etats-Unis;11h 15min;Seattle;675;660;9;15min;15
New York;Séoul, Corée du Sud;14h 27min;Séoul;867;840;9;27min;27
Londres;Séoul, Corée du Sud;10h 48min;Séoul;648;600;9;48min;48
Paris;Séoul, Corée du Sud;10h 43min;Séoul;643;600;9;43min;43
Montréal;Sept-îles, Canada;1h 53min;Sept-îles;113;60;8;53min;53
Paris;Sétif, Algérie;2h 17min;Sétif;137;120;8;17min;17
Londres;Séville, Espagne;2h 43min;Séville;163;120;8;43min;43
Paris;Séville, Espagne;2h 17min;Séville;137;120;8;17min;17
Paris;Sfax, Tunisie;3h 1min;Sfax;181;180;7;1min;1
New York;Shanghai, Chine;14h 52min;Shanghai;892;840;9;52min;52
Londres;Shanghai, Chine;11h 18min;Shanghai;678;660;9;18min;18
Paris;Shanghai, Chine;11h 13min;Shanghai;673;660;9;13min;13
New York;Shannon, Irlande;6h 32min;Shannon;392;360;8;32min;32
Londres;Shannon, Irlande;1h 25min;Shannon;85;60;8;25min;25
New York;Singapour;18h 30min;Singapour;1110;1080;9;30min;30
Londres;Singapour;12h 50min;Singapour;770;720;9;50min;50
Paris;Singapour;12h 47min;Singapour;767;720;9;47min;47
Londres;Skopje, Macédoine;3h 10min;Skopje;190;180;8;10min;10
Londres;Sofia, Bulgarie;3h 5min;Sofia;185;180;7;5min;5
Paris;Sofia, Bulgarie;2h 45min;Sofia;165;120;8;45min;45
Londres;Souleimaniye, Irak;5h 0min;Souleimaniye;300;300;7;0min;0
New York;South Bend, Etats-Unis;2h 13min;South Bend;133;120;8;13min;13
Paris;Southampton, Royaume-Uni;1h 25min;Southampton;85;60;8;25min;25
Londres;Split, Croatie;2h 26min;Split;146;120;8;26min;26
Paris;Split, Croatie;2h 2min;Split;122;120;7;2min;2
New York;St. Lucia, Sainte-Lucie;4h 45min;St. Lucia;285;240;8;45min;45
Londres;St. Lucia, Sainte-Lucie;8h 40min;St. Lucia;520;480;8;40min;40
Londres;Stavanger, Norvège;1h 45min;Stavanger;105;60;8;45min;45
Paris;Stavanger, Norvège;1h 45min;Stavanger;105;60;8;45min;45
New York;Stockholm, Suède;7h 58min;Stockholm;478;420;8;58min;58
Londres;Stockholm, Suède;2h 22min;Stockholm;142;120;8;22min;22
Paris;Stockholm, Suède;2h 35min;Stockholm;155;120;8;35min;35
Londres;Strasbourg;1h 25min;Strasbourg;85;60;8;25min;25
Paris;Strasbourg;1h 15min;Strasbourg;75;60;8;15min;15
New York;Stuttgart, Allemagne;7h 50min;Stuttgart;470;420;8;50min;50
Londres;Stuttgart, Allemagne;1h 31min;Stuttgart;91;60;8;31min;31
Paris;Stuttgart, Allemagne;1h 15min;Stuttgart;75;60;8;15min;15
Londres;Sylhet, Bangladesh;9h 30min;Sylhet;570;540;8;30min;30
New York;Syracuse, Etats-Unis;1h 20min;Syracuse;80;60;8;20min;20
Londres;Szczecin, Pologne;1h 50min;Szczecin;110;60;8;50min;50
Londres;Tachkent, Ouzbékistan;6h 50min;Tachkent;410;360;8;50min;50
Paris;Tachkent, Ouzbékistan;6h 35min;Tachkent;395;360;8;35min;35
New York;Taipei, Taïwan;16h 10min;Taipei;970;960;9;10min;10
Paris;Taipei, Taïwan;13h 10min;Taipei;790;780;9;10min;10
Londres;Tallinn, Estonie;2h 50min;Tallinn;170;120;8;50min;50
New York;Tampa, Etats-Unis;2h 58min;Tampa;178;120;8;58min;58
Londres;Tampa, Etats-Unis;9h 20min;Tampa;560;540;8;20min;20
Londres;Tampere, Finlande;2h 45min;Tampere;165;120;8;45min;45
Paris;Tananarive, Madagascar;10h 43min;Tananarive;643;600;9;43min;43
Londres;Tanger, Maroc;3h 2min;Tanger;182;180;7;2min;2
Paris;Tanger, Maroc;2h 42min;Tanger;162;120;8;42min;42
Londres;Târgu Mure, Roumanie;2h 50min;Târgu Mure;170;120;8;50min;50
Paris;Tbilissi, Géorgie;4h 40min;Tbilissi;280;240;8;40min;40
Londres;Téhéran, Iran;6h 0min;Téhéran;360;360;7;0min;0
Paris;Téhéran, Iran;5h 45min;Téhéran;345;300;8;45min;45
New York;Tel-Aviv, Israël;10h 25min;Tel-Aviv;625;600;9;25min;25
Londres;Tel-Aviv, Israël;4h 53min;Tel-Aviv;293;240;8;53min;53
Paris;Tel-Aviv, Israël;4h 26min;Tel-Aviv;266;240;8;26min;26
Londres;Tenerife South Airport, Espagne;4h 27min;Tenerife South Airport;267;240;8;27min;27
Londres;Thessalonique, Grèce;3h 15min;Thessalonique;195;180;8;15min;15
Paris;Thessalonique, Grèce;3h 0min;Thessalonique;180;180;7;0min;0
Londres;Timi?oara, Roumanie;2h 45min;Timi?oara;165;120;8;45min;45
Londres;Tirana, Albanie;2h 57min;Tirana;177;120;8;57min;57
Londres;Tivat, Monténégro;2h 40min;Tivat;160;120;8;40min;40
Paris;Tivat, Monténégro;2h 25min;Tivat;145;120;8;25min;25
Paris;Tlemcen, Algérie;2h 25min;Tlemcen;145;120;8;25min;25
New York;Tobago, Trinité-et-Tobago;4h 55min;Tobago;295;240;8;55min;55
New York;Tokyo, Japon;14h 12min;Tokyo;852;840;9;12min;12
Londres;Tokyo, Japon;11h 51min;Tokyo;711;660;9;51min;51
Paris;Tokyo, Japon;11h 48min;Tokyo;708;660;9;48min;48
New York;Toronto, Canada;1h 37min;Toronto;97;60;8;37min;37
Montréal;Toronto, Canada;1h 15min;Toronto;75;60;8;15min;15
Londres;Toronto, Canada;7h 53min;Toronto;473;420;8;53min;53
Paris;Toronto, Canada;8h 23min;Toronto;503;480;8;23min;23
Londres;Toulon;2h 10min;Toulon;130;120;8;10min;10
Paris;Toulon;1h 20min;Toulon;80;60;8;20min;20
Montréal;Toulouse;7h 0min;Toulouse;420;420;7;0min;0
Londres;Toulouse;1h 45min;Toulouse;105;60;8;45min;45
Paris;Toulouse;1h 17min;Toulouse;77;60;8;17min;17
Paris;Toulouse;1h 17min;Toulouse;77;60;8;17min;17
Londres;Tours;1h 20min;Tours;80;60;8;20min;20
Londres;Trapani, Italie;3h 0min;Trapani;180;180;7;0min;0
Londres;Trieste, Italie;2h 5min;Trieste;125;120;7;5min;5
Londres;Tripoli, Libye;3h 36min;Tripoli;216;180;8;36min;36
Londres;Tromsö, Norvège;3h 35min;Tromsö;215;180;8;35min;35
Londres;Trondheim, Norvège;2h 30min;Trondheim;150;120;8;30min;30
New York;Tulsa, Etats-Unis;3h 22min;Tulsa;202;180;8;22min;22
Londres;Tunis, Tunisie;2h 55min;Tunis;175;120;8;55min;55
Paris;Tunis, Tunisie;2h 31min;Tunis;151;120;8;31min;31
Londres;Turin, Italie;1h 52min;Turin;112;60;8;52min;52
Paris;Turin, Italie;1h 25min;Turin;85;60;8;25min;25
Montréal;Val-d'Or, Canada;1h 21min;Val-d'Or;81;60;8;21min;21
Londres;Valence, Espagne;2h 22min;Valence;142;120;8;22min;22
Paris;Valence, Espagne;1h 52min;Valence;112;60;8;52min;52
New York;Vancouver, Canada;6h 1min;Vancouver;361;360;7;1min;1
Montréal;Vancouver, Canada;5h 30min;Vancouver;330;300;8;30min;30
Londres;Vancouver, Canada;9h 47min;Vancouver;587;540;8;47min;47
Paris;Vancouver, Canada;10h 15min;Vancouver;615;600;9;15min;15
Montréal;Varadero, Cuba;3h 53min;Varadero;233;180;8;53min;53
Londres;Varna, Bulgarie;3h 20min;Varna;200;180;8;20min;20
New York;Varsovie, Pologne;8h 20min;Varsovie;500;480;8;20min;20
Londres;Varsovie, Pologne;2h 22min;Varsovie;142;120;8;22min;22
Paris;Varsovie, Pologne;2h 12min;Varsovie;132;120;8;12min;12
New York;Venise, Italie;8h 28min;Venise;508;480;8;28min;28
Montréal;Venise, Italie;7h 35min;Venise;455;420;8;35min;35
Londres;Venise, Italie;2h 4min;Venise;124;120;7;4min;4
Paris;Venise, Italie;1h 40min;Venise;100;60;8;40min;40
Londres;Vérone, Italie;2h 0min;Vérone;120;120;7;0min;0
Paris;Vérone, Italie;1h 32min;Vérone;92;60;8;32min;32
New York;Vienne, Autriche;8h 45min;Vienne;525;480;8;45min;45
Londres;Vienne, Autriche;2h 15min;Vienne;135;120;8;15min;15
Paris;Vienne, Autriche;1h 56min;Vienne;116;60;8;56min;56
Paris;Vigo, Espagne;2h 0min;Vigo;120;120;7;0min;0
Londres;Vilnius, Lituanie;2h 40min;Vilnius;160;120;8;40min;40
Montréal;Wabush, Canada;2h 20min;Wabush;140;120;8;20min;20
New York;Washington, Etats-Unis;1h 21min;Washington;81;60;8;21min;21
Montréal;Washington, Etats-Unis;1h 53min;Washington;113;60;8;53min;53
Londres;Washington, Etats-Unis;8h 23min;Washington;503;480;8;23min;23
Paris;Washington, Etats-Unis;8h 42min;Washington;522;480;8;42min;42
New York;West Palm Beach, Etats-Unis;2h 56min;West Palm Beach;176;120;8;56min;56
New York;Wilkes-Barre, Etats-Unis;1h 4min;Wilkes-Barre;64;60;7;4min;4
New York;Wilmington, Etats-Unis;1h 56min;Wilmington;116;60;8;56min;56
Montréal;Winnipeg, Canada;2h 54min;Winnipeg;174;120;8;54min;54
Londres;Wroclaw, Pologne;2h 7min;Wroclaw;127;120;7;7min;7
Paris;Wuhan, Chine;10h 30min;Wuhan;630;600;9;30min;30
Paris;Yaoundé, Cameroun;6h 45min;Yaoundé;405;360;8;45min;45
Londres;Zadar, Croatie;2h 20min;Zadar;140;120;8;20min;20
Londres;Zagreb, Croatie;2h 15min;Zagreb;135;120;8;15min;15
Paris;Zagreb, Croatie;2h 0min;Zagreb;120;120;7;0min;0
Londres;Zante Island, Grèce;3h 30min;Zante Island;210;180;8;30min;30
New York;Zurich, Suisse;7h 48min;Zurich;468;420;8;48min;48
Montréal;Zurich, Suisse;7h 25min;Zurich;445;420;8;25min;25
Londres;Zurich, Suisse;1h 40min;Zurich;100;60;8;40min;40
Paris;Zurich, Suisse;1h 15min;Zurich;75;60;8;15min;15
